-- MySQL dump 10.13  Distrib 5.1.73, for redhat-linux-gnu (x86_64)
--
-- Host: localhost    Database: motherday
-- ------------------------------------------------------
-- Server version	5.1.73

/*!40101 SET @OLD_CHARACTER_SET_CLIENT=@@CHARACTER_SET_CLIENT */;
/*!40101 SET @OLD_CHARACTER_SET_RESULTS=@@CHARACTER_SET_RESULTS */;
/*!40101 SET @OLD_COLLATION_CONNECTION=@@COLLATION_CONNECTION */;
/*!40101 SET NAMES utf8 */;
/*!40103 SET @OLD_TIME_ZONE=@@TIME_ZONE */;
/*!40103 SET TIME_ZONE='+00:00' */;
/*!40014 SET @OLD_UNIQUE_CHECKS=@@UNIQUE_CHECKS, UNIQUE_CHECKS=0 */;
/*!40014 SET @OLD_FOREIGN_KEY_CHECKS=@@FOREIGN_KEY_CHECKS, FOREIGN_KEY_CHECKS=0 */;
/*!40101 SET @OLD_SQL_MODE=@@SQL_MODE, SQL_MODE='NO_AUTO_VALUE_ON_ZERO' */;
/*!40111 SET @OLD_SQL_NOTES=@@SQL_NOTES, SQL_NOTES=0 */;

--
-- Table structure for table `ci_acount`
--

DROP TABLE IF EXISTS `ci_acount`;
/*!40101 SET @saved_cs_client     = @@character_set_client */;
/*!40101 SET character_set_client = utf8 */;
CREATE TABLE `ci_acount` (
  `id` int(6) NOT NULL AUTO_INCREMENT,
  `email` varchar(100) NOT NULL COMMENT 'Mail作为帐号',
  `uname` varchar(50) NOT NULL COMMENT '帐号',
  `nickname` varchar(50) NOT NULL COMMENT '显示名称',
  `pwd` varchar(64) NOT NULL COMMENT '密码',
  `tel` varchar(30) DEFAULT NULL COMMENT '电话',
  `phone` varchar(30) DEFAULT NULL COMMENT '手机',
  `addr` varchar(100) DEFAULT NULL COMMENT '地址',
  `photo` varchar(100) DEFAULT NULL COMMENT '头像',
  `thumb` varchar(100) DEFAULT NULL COMMENT '缩略图',
  `status` int(1) NOT NULL DEFAULT '1' COMMENT '用户状态，0 禁用',
  `login_today` int(11) NOT NULL COMMENT '今日登录次数',
  `pwd_errors` int(1) NOT NULL DEFAULT '0' COMMENT '密码错误次数',
  `login_ip` varchar(25) NOT NULL COMMENT '最后登录的IP',
  `reg_time` int(11) NOT NULL COMMENT '添加时间',
  `login_time` int(11) NOT NULL COMMENT '最后一次登录时间',
  `ga` varchar(20) NOT NULL COMMENT 'GA 两部验证密钥 开启与否',
  PRIMARY KEY (`id`)
) ENGINE=MyISAM DEFAULT CHARSET=utf8 COMMENT='前端会员帐号';
/*!40101 SET character_set_client = @saved_cs_client */;

--
-- Dumping data for table `ci_acount`
--

LOCK TABLES `ci_acount` WRITE;
/*!40000 ALTER TABLE `ci_acount` DISABLE KEYS */;
/*!40000 ALTER TABLE `ci_acount` ENABLE KEYS */;
UNLOCK TABLES;

--
-- Table structure for table `ci_adminmodels`
--

DROP TABLE IF EXISTS `ci_adminmodels`;
/*!40101 SET @saved_cs_client     = @@character_set_client */;
/*!40101 SET character_set_client = utf8 */;
CREATE TABLE `ci_adminmodels` (
  `id` int(11) NOT NULL AUTO_INCREMENT COMMENT '唯一编号',
  `cid` int(11) NOT NULL DEFAULT '0' COMMENT '所属栏目',
  `ccid` int(11) NOT NULL DEFAULT '0' COMMENT '栏目条目ID伪栏目',
  `mid` int(10) DEFAULT '1' COMMENT '1:新闻模块',
  `sort_id` int(11) DEFAULT '0' COMMENT '排序编号',
  `audit` int(1) NOT NULL DEFAULT '1' COMMENT '0:1审核',
  `flag` int(1) NOT NULL DEFAULT '0' COMMENT '0:1推荐',
  `ctype` int(4) NOT NULL DEFAULT '0' COMMENT '默认分类',
  `type_id` int(4) DEFAULT NULL COMMENT '模块标识',
  `title` varchar(200) DEFAULT NULL COMMENT '标题',
  `link` text COMMENT '外链',
  `title_seo` tinytext,
  `intro` varchar(500) DEFAULT NULL COMMENT '简介(200汉字)',
  `tags` tinytext COMMENT '标签',
  `content` text COMMENT '内容',
  `timeline` int(11) DEFAULT NULL COMMENT '发布/修改时间',
  `photo` varchar(200) DEFAULT NULL COMMENT '图片',
  `thumb` varchar(200) DEFAULT NULL COMMENT '图片缩略图',
  PRIMARY KEY (`id`)
) ENGINE=MyISAM AUTO_INCREMENT=23 DEFAULT CHARSET=utf8 COMMENT='模块列表';
/*!40101 SET character_set_client = @saved_cs_client */;

--
-- Dumping data for table `ci_adminmodels`
--

LOCK TABLES `ci_adminmodels` WRITE;
/*!40000 ALTER TABLE `ci_adminmodels` DISABLE KEYS */;
INSERT INTO `ci_adminmodels` VALUES (17,0,0,2,6,1,0,0,1,'模块1',NULL,NULL,NULL,NULL,NULL,1492415573,'13','2017/04/17/thumbnail/14924159147287ins5x.jpg'),(16,0,0,1,5,1,0,0,5,'模块5',NULL,NULL,NULL,NULL,NULL,1489377405,'6','2017/03/13/thumbnail/14893892559326x71d4.jpg'),(15,0,0,1,4,1,0,0,4,'模块4',NULL,NULL,NULL,NULL,NULL,1489377393,'5','2017/03/13/thumbnail/14893892411976clryg.jpg'),(14,0,0,1,3,1,0,0,3,'模块3',NULL,NULL,NULL,NULL,NULL,1489377383,'4','2017/03/13/thumbnail/14893892305067qloi4.jpg'),(12,0,0,1,1,1,0,0,1,'模块1',NULL,NULL,NULL,NULL,NULL,1489116282,'2','2017/03/13/thumbnail/14893892035051vvu0w.jpg'),(13,0,0,1,2,1,0,0,2,'模块2',NULL,NULL,NULL,NULL,NULL,1489116466,'3','2017/03/13/thumbnail/14893892187479s1vqp.jpg'),(18,0,0,2,7,1,0,0,2,'模块2',NULL,NULL,NULL,NULL,NULL,1492415589,'14','2017/04/17/thumbnail/14924159235296dxq84.jpg'),(19,0,0,2,8,1,0,0,3,'模块3',NULL,NULL,NULL,NULL,NULL,1492415601,'15','2017/04/17/thumbnail/14924159336625fonvz.jpg'),(20,0,0,2,9,1,0,0,4,'模块4',NULL,NULL,NULL,NULL,NULL,1492415611,'16','2017/04/17/thumbnail/14924159404476vzltt.jpg'),(21,0,0,1,10,1,0,0,6,'模版6',NULL,NULL,NULL,NULL,NULL,1492568126,'17','2017/04/19/thumbnail/149256812539143bm7h.jpg'),(22,0,0,1,11,1,0,0,7,'模版7',NULL,NULL,NULL,NULL,NULL,1492568139,'18','2017/04/19/thumbnail/14925681384586shijf.jpg');
/*!40000 ALTER TABLE `ci_adminmodels` ENABLE KEYS */;
UNLOCK TABLES;

--
-- Table structure for table `ci_advert`
--

DROP TABLE IF EXISTS `ci_advert`;
/*!40101 SET @saved_cs_client     = @@character_set_client */;
/*!40101 SET character_set_client = utf8 */;
CREATE TABLE `ci_advert` (
  `id` int(11) NOT NULL AUTO_INCREMENT COMMENT '唯一编号',
  `cid` int(11) DEFAULT NULL COMMENT '所属栏目',
  `ccid` int(11) NOT NULL DEFAULT '0' COMMENT '栏目条目ID伪栏目',
  `sort_id` int(11) DEFAULT '0' COMMENT '排序编号',
  `audit` int(1) NOT NULL DEFAULT '0' COMMENT '0:1审核',
  `flag` int(1) NOT NULL DEFAULT '0' COMMENT '0:1推荐',
  `ctype` int(4) NOT NULL DEFAULT '0' COMMENT '默认分类',
  `type_id` int(4) DEFAULT NULL COMMENT '类型',
  `title` tinytext COMMENT '标题',
  `link` text COMMENT '外链',
  `title_seo` tinytext,
  `intro` varchar(500) DEFAULT NULL COMMENT '简介(200汉字)',
  `tags` tinytext COMMENT '标签',
  `content` text COMMENT '内容',
  `timeline` int(11) DEFAULT NULL COMMENT '发布/修改时间',
  `expiretime` int(10) DEFAULT NULL COMMENT '公告过期时间',
  `status` int(1) NOT NULL DEFAULT '0' COMMENT '0:1状态,1 发布，0 草稿',
  `click` int(11) NOT NULL DEFAULT '0' COMMENT '浏览次数',
  `photo` varchar(200) DEFAULT NULL COMMENT '图片',
  `thumb` varchar(200) DEFAULT NULL COMMENT '图片缩略图',
  `attachment` tinytext COMMENT '附件',
  PRIMARY KEY (`id`)
) ENGINE=MyISAM AUTO_INCREMENT=3 DEFAULT CHARSET=utf8 COMMENT='广告';
/*!40101 SET character_set_client = @saved_cs_client */;

--
-- Dumping data for table `ci_advert`
--

LOCK TABLES `ci_advert` WRITE;
/*!40000 ALTER TABLE `ci_advert` DISABLE KEYS */;
/*!40000 ALTER TABLE `ci_advert` ENABLE KEYS */;
UNLOCK TABLES;

--
-- Table structure for table `ci_article`
--

DROP TABLE IF EXISTS `ci_article`;
/*!40101 SET @saved_cs_client     = @@character_set_client */;
/*!40101 SET character_set_client = utf8 */;
CREATE TABLE `ci_article` (
  `id` int(11) NOT NULL AUTO_INCREMENT COMMENT '唯一编号',
  `cid` int(11) NOT NULL COMMENT '所属栏目',
  `ccid` int(11) NOT NULL DEFAULT '0' COMMENT '栏目条目ID伪栏目',
  `sort_id` int(11) DEFAULT '0' COMMENT '排序编号',
  `audit` int(1) NOT NULL DEFAULT '0' COMMENT '0:1审核',
  `flag` int(1) NOT NULL DEFAULT '0' COMMENT '0:1推荐',
  `ctype` int(4) NOT NULL DEFAULT '0' COMMENT '默认分类',
  `type_id` int(4) DEFAULT NULL COMMENT '类型',
  `title` varchar(200) NOT NULL COMMENT '标题',
  `title_seo` tinytext,
  `intro` varchar(500) DEFAULT NULL COMMENT '简介(200汉字)',
  `tags` tinytext COMMENT '标签',
  `content` text COMMENT '内容',
  `timeline` int(11) DEFAULT NULL COMMENT '发布/修改时间',
  `expiretime` int(10) DEFAULT NULL COMMENT '公告过期时间',
  `status` int(1) NOT NULL DEFAULT '0' COMMENT '0:1状态,1 发布，0 草稿',
  `author` varchar(50) DEFAULT NULL COMMENT '消息作者',
  `source` varchar(50) DEFAULT NULL COMMENT '消息来源',
  `click` int(11) NOT NULL DEFAULT '0' COMMENT '浏览次数',
  `recommend` int(1) NOT NULL DEFAULT '0' COMMENT '0:1推荐到分类门户的页面显示',
  `photo` varchar(200) DEFAULT NULL COMMENT '相关图片',
  `thumb` varchar(200) DEFAULT NULL COMMENT '图片缩略图',
  `attachment` tinytext COMMENT '附件',
  `flag1` int(1) NOT NULL,
  PRIMARY KEY (`id`)
) ENGINE=MyISAM DEFAULT CHARSET=utf8 COMMENT='信息表';
/*!40101 SET character_set_client = @saved_cs_client */;

--
-- Dumping data for table `ci_article`
--

LOCK TABLES `ci_article` WRITE;
/*!40000 ALTER TABLE `ci_article` DISABLE KEYS */;
/*!40000 ALTER TABLE `ci_article` ENABLE KEYS */;
UNLOCK TABLES;

--
-- Table structure for table `ci_article_tag`
--

DROP TABLE IF EXISTS `ci_article_tag`;
/*!40101 SET @saved_cs_client     = @@character_set_client */;
/*!40101 SET character_set_client = utf8 */;
CREATE TABLE `ci_article_tag` (
  `id` int(11) NOT NULL AUTO_INCREMENT,
  `tag` varchar(30) NOT NULL COMMENT '标签',
  `record` int(11) DEFAULT NULL COMMENT '使用的 article id',
  `count` int(11) DEFAULT NULL COMMENT '计数',
  PRIMARY KEY (`id`),
  KEY `record_index` (`id`,`tag`)
) ENGINE=MyISAM DEFAULT CHARSET=utf8 COMMENT='标签表';
/*!40101 SET character_set_client = @saved_cs_client */;

--
-- Dumping data for table `ci_article_tag`
--

LOCK TABLES `ci_article_tag` WRITE;
/*!40000 ALTER TABLE `ci_article_tag` DISABLE KEYS */;
/*!40000 ALTER TABLE `ci_article_tag` ENABLE KEYS */;
UNLOCK TABLES;

--
-- Table structure for table `ci_banners`
--

DROP TABLE IF EXISTS `ci_banners`;
/*!40101 SET @saved_cs_client     = @@character_set_client */;
/*!40101 SET character_set_client = utf8 */;
CREATE TABLE `ci_banners` (
  `id` int(11) NOT NULL AUTO_INCREMENT COMMENT '唯一编号',
  `cid` int(11) NOT NULL COMMENT '所属栏目',
  `ccid` int(11) NOT NULL DEFAULT '0' COMMENT '栏目条目ID伪栏目',
  `sort_id` int(11) DEFAULT '0' COMMENT '排序编号',
  `audit` int(1) NOT NULL DEFAULT '0' COMMENT '0:1审核',
  `flag` int(1) NOT NULL DEFAULT '0' COMMENT '0:1推荐',
  `ctype` int(4) NOT NULL DEFAULT '0' COMMENT '默认分类',
  `type_id` int(4) DEFAULT NULL COMMENT '类型',
  `title` tinytext NOT NULL COMMENT '标题',
  `link` text COMMENT '外链',
  `title_seo` tinytext,
  `intro` varchar(500) DEFAULT NULL COMMENT '简介(200汉字)',
  `tags` tinytext COMMENT '标签',
  `content` text COMMENT '内容',
  `timeline` int(11) DEFAULT NULL COMMENT '发布/修改时间',
  `expiretime` int(10) DEFAULT NULL COMMENT '公告过期时间',
  `status` int(1) NOT NULL DEFAULT '0' COMMENT '0:1状态,1 发布，0 草稿',
  `click` int(11) NOT NULL DEFAULT '0' COMMENT '浏览次数',
  `photo` varchar(200) DEFAULT NULL COMMENT '图片',
  `thumb` varchar(200) DEFAULT NULL COMMENT '图片缩略图',
  `attachment` tinytext COMMENT '附件',
  PRIMARY KEY (`id`)
) ENGINE=MyISAM AUTO_INCREMENT=2 DEFAULT CHARSET=utf8 COMMENT='导航';
/*!40101 SET character_set_client = @saved_cs_client */;

--
-- Dumping data for table `ci_banners`
--

LOCK TABLES `ci_banners` WRITE;
/*!40000 ALTER TABLE `ci_banners` DISABLE KEYS */;
INSERT INTO `ci_banners` VALUES (1,2,0,1,1,0,0,NULL,'母亲节banner',NULL,'','  ','',NULL,1547628338,NULL,0,0,'3','2019/01/16/thumbnail/15476285691515ij151.jpg',NULL);
/*!40000 ALTER TABLE `ci_banners` ENABLE KEYS */;
UNLOCK TABLES;

--
-- Table structure for table `ci_city`
--

DROP TABLE IF EXISTS `ci_city`;
/*!40101 SET @saved_cs_client     = @@character_set_client */;
/*!40101 SET character_set_client = utf8 */;
CREATE TABLE `ci_city` (
  `id` int(11) NOT NULL AUTO_INCREMENT,
  `yid` int(11) DEFAULT NULL,
  `type_id` int(11) DEFAULT NULL,
  `sort_id` int(11) DEFAULT NULL,
  `depth` tinyint(4) DEFAULT NULL,
  `path` varchar(255) DEFAULT NULL,
  `title` varchar(255) DEFAULT NULL,
  `parent_id` int(11) DEFAULT NULL,
  `photo` varchar(255) DEFAULT NULL,
  `thumb` varchar(255) DEFAULT NULL,
  `timeline` int(13) DEFAULT NULL,
  PRIMARY KEY (`id`)
) ENGINE=MyISAM AUTO_INCREMENT=430 DEFAULT CHARSET=utf8;
/*!40101 SET character_set_client = @saved_cs_client */;

--
-- Dumping data for table `ci_city`
--

LOCK TABLES `ci_city` WRITE;
/*!40000 ALTER TABLE `ci_city` DISABLE KEYS */;
INSERT INTO `ci_city` VALUES (1,110000,0,0,0,'','北京市',0,'','',1368120198),(2,120000,0,0,0,'','天津市',0,'','',1368120198),(3,130000,0,0,0,'','河北省',0,'','',1368120198),(4,140000,0,0,0,'','山西省',0,'','',1368120198),(5,150000,0,0,0,'','内蒙自治区',0,'','',1368120198),(6,210000,0,0,0,'','辽宁省',0,'','',1368120198),(7,220000,0,0,0,'','吉林市',0,'','',1368120198),(8,230000,0,0,0,'','黑龙江省',0,'','',1368120198),(9,310000,0,0,0,'','上海市',0,'','',1368120198),(10,320000,0,0,0,'','江苏省',0,'','',1368120198),(11,330000,0,0,0,'','浙江省',0,'','',1368120198),(12,340000,0,0,0,'','安徽省',0,'','',1368120198),(13,350000,0,0,0,'','福建省',0,'','',1368120198),(14,360000,0,0,0,'','江西省',0,'','',1368120198),(15,370000,0,0,0,'','山东省',0,'','',1368120198),(16,410000,0,0,0,'','河南省',0,'','',1368120198),(17,420000,0,0,0,'','湖北省',0,'','',1368120198),(18,430000,0,0,0,'','湖南省',0,'','',1368120198),(19,440000,0,0,0,'','广东省',0,'','',1368120198),(20,450000,0,0,0,'','广西自治区',0,'','',1368120198),(21,460000,0,0,0,'','海南省',0,'','',1368120198),(22,500000,0,0,0,'','重庆市',0,'','',1368120198),(23,510000,0,0,0,'','四川省',0,'','',1368120198),(24,520000,0,0,0,'','贵州省',0,'','',1368120198),(25,530000,0,0,0,'','云南省',0,'','',1368120198),(26,540000,0,0,0,'','西藏自治区',0,'','',1368120198),(27,610000,0,0,0,'','陕西省',0,'','',1368120198),(28,620000,0,0,0,'','甘肃省',0,'','',1368120198),(29,630000,0,0,0,'','青海省',0,'','',1368120198),(30,640000,0,0,0,'','宁夏自治区',0,'','',1368120198),(31,650000,0,0,0,'','新疆自治区',0,'','',1368120198),(32,710000,0,0,0,'','台湾省',0,'','',1368120198),(33,810000,0,0,0,'','香港特区',0,'','',1368120198),(34,820000,0,0,0,'','澳门特区',0,'','',1368120198),(35,110100,0,0,1,'','北京市',110000,'','',1368120199),(36,120100,0,0,1,'','天津市',120000,'','',1368120199),(37,130100,0,0,1,'','石家庄市',130000,'','',1368120199),(38,130200,0,0,1,'','唐山市',130000,'','',1368120199),(39,130300,0,0,1,'','秦皇岛市',130000,'','',1368120199),(40,130400,0,0,1,'','邯郸市',130000,'','',1368120199),(41,130500,0,0,1,'','邢台市',130000,'','',1368120199),(42,130600,0,0,1,'','保定市',130000,'','',1368120199),(43,130700,0,0,1,'','张家口市',130000,'','',1368120199),(44,130800,0,0,1,'','承德市',130000,'','',1368120199),(45,130900,0,0,1,'','沧州市',130000,'','',1368120199),(46,131000,0,0,1,'','廊坊市',130000,'','',1368120199),(47,131100,0,0,1,'','衡水市',130000,'','',1368120199),(48,140100,0,0,1,'','太原市',140000,'','',1368120199),(49,140200,0,0,1,'','大同市',140000,'','',1368120199),(50,140300,0,0,1,'','阳泉市',140000,'','',1368120199),(51,140400,0,0,1,'','长治市',140000,'','',1368120199),(52,140500,0,0,1,'','晋城市',140000,'','',1368120199),(53,140600,0,0,1,'','朔州市',140000,'','',1368120199),(54,140700,0,0,1,'','晋中市',140000,'','',1368120199),(55,140800,0,0,1,'','运城市',140000,'','',1368120199),(56,140900,0,0,1,'','忻州市',140000,'','',1368120199),(57,141000,0,0,1,'','临汾市',140000,'','',1368120199),(58,141100,0,0,1,'','吕梁市',140000,'','',1368120199),(59,150100,0,0,1,'','呼和浩特市',150000,'','',1368120199),(60,150200,0,0,1,'','包头市',150000,'','',1368120199),(61,150300,0,0,1,'','乌海市',150000,'','',1368120199),(62,150400,0,0,1,'','赤峰市',150000,'','',1368120199),(63,150500,0,0,1,'','通辽市',150000,'','',1368120199),(64,150600,0,0,1,'','鄂尔多斯市',150000,'','',1368120199),(65,150700,0,0,1,'','呼伦贝尔市',150000,'','',1368120199),(66,150800,0,0,1,'','巴彦淖尔市',150000,'','',1368120199),(67,150900,0,0,1,'','乌兰察布市',150000,'','',1368120199),(68,151000,0,0,1,'','东胜',150000,'','',1368120199),(69,152200,0,0,1,'','兴安盟',150000,'','',1368120199),(70,152500,0,0,1,'','锡林郭勒盟',150000,'','',1368120199),(71,152900,0,0,1,'','阿拉善盟',150000,'','',1368120199),(72,210100,0,0,1,'','沈阳市',210000,'','',1368120199),(73,210200,0,0,1,'','大连市',210000,'','',1368120199),(74,210300,0,0,1,'','鞍山市',210000,'','',1368120199),(75,210400,0,0,1,'','抚顺市',210000,'','',1368120199),(76,210500,0,0,1,'','本溪市',210000,'','',1368120199),(77,210600,0,0,1,'','丹东市',210000,'','',1368120199),(78,210700,0,0,1,'','锦州市',210000,'','',1368120199),(79,210800,0,0,1,'','营口市',210000,'','',1368120199),(80,210900,0,0,1,'','阜新市',210000,'','',1368120199),(81,211000,0,0,1,'','辽阳市',210000,'','',1368120199),(82,211100,0,0,1,'','盘锦市',210000,'','',1368120199),(83,211200,0,0,1,'','铁岭市',210000,'','',1368120199),(84,211300,0,0,1,'','朝阳市',210000,'','',1368120199),(85,211400,0,0,1,'','葫芦岛市',210000,'','',1368120199),(86,211500,0,0,1,'','北宁',210000,'','',1368120199),(87,220100,0,0,1,'','长春市',220000,'','',1368120199),(88,220200,0,0,1,'','吉林市',220000,'','',1368120199),(89,220300,0,0,1,'','四平市',220000,'','',1368120199),(90,220400,0,0,1,'','辽源市',220000,'','',1368120199),(91,220500,0,0,1,'','通化市',220000,'','',1368120199),(92,220600,0,0,1,'','白山市',220000,'','',1368120199),(93,220700,0,0,1,'','松原市',220000,'','',1368120199),(94,220800,0,0,1,'','白城市',220000,'','',1368120199),(95,222400,0,0,1,'','延边州',220000,'','',1368120199),(96,230100,0,0,1,'','哈尔滨市',230000,'','',1368120199),(97,230200,0,0,1,'','齐齐哈尔市',230000,'','',1368120199),(98,230300,0,0,1,'','鸡西市',230000,'','',1368120199),(99,230400,0,0,1,'','鹤岗市',230000,'','',1368120199),(100,230500,0,0,1,'','双鸭山市',230000,'','',1368120199),(101,230600,0,0,1,'','大庆市',230000,'','',1368120199),(102,230700,0,0,1,'','伊春市',230000,'','',1368120199),(103,230800,0,0,1,'','佳木斯市',230000,'','',1368120199),(104,230900,0,0,1,'','七台河市',230000,'','',1368120199),(105,231000,0,0,1,'','牡丹江市',230000,'','',1368120199),(106,231100,0,0,1,'','黑河市',230000,'','',1368120199),(107,231200,0,0,1,'','绥化市',230000,'','',1368120199),(108,232700,0,0,1,'','大兴安岭',230000,'','',1368120199),(109,310100,0,0,1,'','上海市',310000,'','',1368120199),(110,320100,0,0,1,'','南京市',320000,'','',1368120199),(111,320200,0,0,1,'','无锡市',320000,'','',1368120199),(112,320300,0,0,1,'','徐州市',320000,'','',1368120199),(113,320400,0,0,1,'','常州市',320000,'','',1368120199),(114,320500,0,0,1,'','苏州市',320000,'','',1368120199),(115,320600,0,0,1,'','南通市',320000,'','',1368120199),(116,320700,0,0,1,'','连云港市',320000,'','',1368120199),(117,320800,0,0,1,'','淮安市',320000,'','',1368120199),(118,320900,0,0,1,'','盐城市',320000,'','',1368120199),(119,321000,0,0,1,'','扬州市',320000,'','',1368120199),(120,321100,0,0,1,'','镇江市',320000,'','',1368120199),(121,321200,0,0,1,'','泰州市',320000,'','',1368120199),(122,321300,0,0,1,'','宿迁市',320000,'','',1368120199),(123,330100,0,0,1,'','杭州市',330000,'','',1368120199),(124,330200,0,0,1,'','宁波市',330000,'','',1368120199),(125,330300,0,0,1,'','温州市',330000,'','',1368120199),(126,330400,0,0,1,'','嘉兴市',330000,'','',1368120199),(127,330500,0,0,1,'','湖州市',330000,'','',1368120199),(128,330600,0,0,1,'','绍兴市',330000,'','',1368120199),(129,330700,0,0,1,'','金华市',330000,'','',1368120200),(130,330800,0,0,1,'','衢州市',330000,'','',1368120200),(131,330900,0,0,1,'','舟山市',330000,'','',1368120200),(132,331000,0,0,1,'','台州市',330000,'','',1368120200),(133,331100,0,0,1,'','丽水市',330000,'','',1368120200),(134,340100,0,0,1,'','合肥市',340000,'','',1368120200),(135,340200,0,0,1,'','芜湖市',340000,'','',1368120200),(136,340300,0,0,1,'','蚌埠市',340000,'','',1368120200),(137,340400,0,0,1,'','淮南市',340000,'','',1368120200),(138,340500,0,0,1,'','马鞍山市',340000,'','',1368120200),(139,340600,0,0,1,'','淮北市',340000,'','',1368120200),(140,340700,0,0,1,'','铜陵市',340000,'','',1368120200),(141,340800,0,0,1,'','安庆市',340000,'','',1368120200),(142,341000,0,0,1,'','黄山市',340000,'','',1368120200),(143,341100,0,0,1,'','滁州市',340000,'','',1368120200),(144,341200,0,0,1,'','阜阳市',340000,'','',1368120200),(145,341300,0,0,1,'','宿州市',340000,'','',1368120200),(146,341400,0,0,1,'','巢湖',340000,'','',1368120200),(147,341500,0,0,1,'','六安市',340000,'','',1368120200),(148,341600,0,0,1,'','亳州市',340000,'','',1368120200),(149,341700,0,0,1,'','池州市',340000,'','',1368120200),(150,341800,0,0,1,'','宣城市',340000,'','',1368120200),(151,350100,0,0,1,'','福州市',350000,'','',1368120200),(152,350200,0,0,1,'','厦门市',350000,'','',1368120200),(153,350300,0,0,1,'','莆田市',350000,'','',1368120200),(154,350400,0,0,1,'','三明市',350000,'','',1368120200),(155,350500,0,0,1,'','泉州市',350000,'','',1368120200),(156,350600,0,0,1,'','漳州市',350000,'','',1368120200),(157,350700,0,0,1,'','南平市',350000,'','',1368120200),(158,350800,0,0,1,'','龙岩市',350000,'','',1368120200),(159,350900,0,0,1,'','宁德市',350000,'','',1368120200),(160,360100,0,0,1,'','南昌市',360000,'','',1368120200),(161,360200,0,0,1,'','景德镇市',360000,'','',1368120200),(162,360300,0,0,1,'','萍乡市',360000,'','',1368120200),(163,360400,0,0,1,'','九江市',360000,'','',1368120200),(164,360500,0,0,1,'','新余市',360000,'','',1368120200),(165,360600,0,0,1,'','鹰潭市',360000,'','',1368120200),(166,360700,0,0,1,'','赣州市',360000,'','',1368120200),(167,360800,0,0,1,'','吉安市',360000,'','',1368120200),(168,360900,0,0,1,'','宜春市',360000,'','',1368120200),(169,361000,0,0,1,'','抚州市',360000,'','',1368120200),(170,361100,0,0,1,'','上饶市',360000,'','',1368120200),(171,370100,0,0,1,'','济南市',370000,'','',1368120200),(172,370200,0,0,1,'','青岛市',370000,'','',1368120200),(173,370300,0,0,1,'','淄博市',370000,'','',1368120200),(174,370400,0,0,1,'','枣庄市',370000,'','',1368120200),(175,370500,0,0,1,'','东营市',370000,'','',1368120200),(176,370600,0,0,1,'','烟台市',370000,'','',1368120200),(177,370700,0,0,1,'','潍坊市',370000,'','',1368120200),(178,370800,0,0,1,'','济宁市',370000,'','',1368120200),(179,370900,0,0,1,'','泰安市',370000,'','',1368120200),(180,371000,0,0,1,'','威海市',370000,'','',1368120200),(181,371100,0,0,1,'','日照市',370000,'','',1368120200),(182,371200,0,0,1,'','莱芜市',370000,'','',1368120200),(183,371300,0,0,1,'','临沂市',370000,'','',1368120200),(184,371400,0,0,1,'','德州市',370000,'','',1368120200),(185,371500,0,0,1,'','聊城市',370000,'','',1368120200),(186,371600,0,0,1,'','滨州市',370000,'','',1368120200),(187,371700,0,0,1,'','菏泽市',370000,'','',1368120200),(188,411600,0,0,1,'','周口市',410000,'','',1368120200),(189,411700,0,0,1,'','驻马店市',410000,'','',1368120200),(190,419000,0,0,1,'','济源市',410000,'','',1368120200),(191,410100,0,0,1,'','郑州市',410000,'','',1368120200),(192,410200,0,0,1,'','开封市',410000,'','',1368120200),(193,410300,0,0,1,'','洛阳市',410000,'','',1368120200),(194,410400,0,0,1,'','平顶山市',410000,'','',1368120200),(195,410500,0,0,1,'','安阳市',410000,'','',1368120200),(196,410600,0,0,1,'','鹤壁市',410000,'','',1368120200),(197,410700,0,0,1,'','新乡市',410000,'','',1368120200),(198,410800,0,0,1,'','焦作市',410000,'','',1368120200),(199,410900,0,0,1,'','濮阳市',410000,'','',1368120200),(200,411000,0,0,1,'','许昌市',410000,'','',1368120200),(201,411100,0,0,1,'','漯河市',410000,'','',1368120200),(202,411200,0,0,1,'','三门峡市',410000,'','',1368120200),(203,411300,0,0,1,'','南阳市',410000,'','',1368120200),(204,411400,0,0,1,'','商丘市',410000,'','',1368120200),(205,411500,0,0,1,'','信阳市',410000,'','',1368120200),(206,420100,0,0,1,'','武汉市',420000,'','',1368120200),(207,420200,0,0,1,'','黄石市',420000,'','',1368120200),(208,420300,0,0,1,'','十堰市',420000,'','',1368120200),(209,420500,0,0,1,'','宜昌市',420000,'','',1368120200),(210,420600,0,0,1,'','襄阳',420000,'','',1368120200),(211,420700,0,0,1,'','鄂州市',420000,'','',1368120200),(212,420800,0,0,1,'','荆门市',420000,'','',1368120200),(213,420900,0,0,1,'','孝感市',420000,'','',1368120200),(214,421000,0,0,1,'','荆州市',420000,'','',1368120200),(215,421100,0,0,1,'','黄冈市',420000,'','',1368120200),(216,421200,0,0,1,'','咸宁市',420000,'','',1368120200),(217,421300,0,0,1,'','随州市',420000,'','',1368120200),(218,422800,0,0,1,'','恩施州',420000,'','',1368120200),(219,423100,0,0,1,'','仙桃市',420000,'','',1368120200),(220,423200,0,0,1,'','潜江市',420000,'','',1368120200),(221,423300,0,0,1,'','天门市',420000,'','',1368120200),(222,423400,0,0,1,'','神农架林区',420000,'','',1368120200),(223,430100,0,0,1,'','长沙市',430000,'','',1368120200),(224,430200,0,0,1,'','株洲市',430000,'','',1368120200),(225,430300,0,0,1,'','湘潭市',430000,'','',1368120200),(226,430400,0,0,1,'','衡阳市',430000,'','',1368120200),(227,430500,0,0,1,'','邵阳市',430000,'','',1368120200),(228,430600,0,0,1,'','岳阳市',430000,'','',1368120200),(229,430700,0,0,1,'','常德市',430000,'','',1368120200),(230,430800,0,0,1,'','张家界市',430000,'','',1368120200),(231,430900,0,0,1,'','益阳市',430000,'','',1368120200),(232,431000,0,0,1,'','郴州市',430000,'','',1368120200),(233,431100,0,0,1,'','永州市',430000,'','',1368120200),(234,431200,0,0,1,'','怀化市',430000,'','',1368120200),(235,431300,0,0,1,'','娄底市',430000,'','',1368120200),(236,433100,0,0,1,'','湘西州',430000,'','',1368120200),(237,440100,0,0,1,'','广州市',440000,'','',1368120200),(238,440200,0,0,1,'','韶关市',440000,'','',1368120200),(239,440300,0,0,1,'','深圳市',440000,'','',1368120200),(240,440400,0,0,1,'','珠海市',440000,'','',1368120200),(241,440500,0,0,1,'','汕头市',440000,'','',1368120200),(242,440600,0,0,1,'','佛山市',440000,'','',1368120200),(243,440700,0,0,1,'','江门市',440000,'','',1368120200),(244,440800,0,0,1,'','湛江市',440000,'','',1368120200),(245,440900,0,0,1,'','茂名市',440000,'','',1368120200),(246,441200,0,0,1,'','肇庆市',440000,'','',1368120200),(247,441300,0,0,1,'','惠州市',440000,'','',1368120200),(248,441400,0,0,1,'','梅州市',440000,'','',1368120200),(249,441500,0,0,1,'','汕尾市',440000,'','',1368120200),(250,441600,0,0,1,'','河源市',440000,'','',1368120200),(251,441700,0,0,1,'','阳江市',440000,'','',1368120200),(252,441800,0,0,1,'','清远市',440000,'','',1368120200),(253,441900,0,0,1,'','东莞市',440000,'','',1368120200),(254,442000,0,0,1,'','中山市',440000,'','',1368120200),(255,445100,0,0,1,'','潮州市',440000,'','',1368120200),(256,445200,0,0,1,'','揭阳市',440000,'','',1368120200),(257,445300,0,0,1,'','云浮市',440000,'','',1368120200),(258,450100,0,0,1,'','南宁市',450000,'','',1368120201),(259,450200,0,0,1,'','柳州市',450000,'','',1368120201),(260,450300,0,0,1,'','桂林市',450000,'','',1368120201),(261,450400,0,0,1,'','梧州市',450000,'','',1368120201),(262,450500,0,0,1,'','北海市',450000,'','',1368120201),(263,450600,0,0,1,'','防城港市',450000,'','',1368120201),(264,450700,0,0,1,'','钦州市',450000,'','',1368120201),(265,450800,0,0,1,'','贵港市',450000,'','',1368120201),(266,450900,0,0,1,'','玉林市',450000,'','',1368120201),(267,451000,0,0,1,'','百色市',450000,'','',1368120201),(268,451100,0,0,1,'','贺州市',450000,'','',1368120201),(269,451200,0,0,1,'','河池市',450000,'','',1368120201),(270,451300,0,0,1,'','来宾市',450000,'','',1368120201),(271,451400,0,0,1,'','崇左市',450000,'','',1368120201),(272,462800,0,0,1,'','南沙群岛',460000,'','',1368120201),(273,462900,0,0,1,'','中沙群岛的岛礁及其海域',460000,'','',1368120201),(274,460100,0,0,1,'','海口市',460000,'','',1368120201),(275,460200,0,0,1,'','三亚市',460000,'','',1368120201),(276,461100,0,0,1,'','五指山',460000,'','',1368120201),(277,461200,0,0,1,'','琼海',460000,'','',1368120201),(278,461300,0,0,1,'','儋州',460000,'','',1368120201),(279,461400,0,0,1,'','文昌市',460000,'','',1368120201),(280,461500,0,0,1,'','万宁市',460000,'','',1368120201),(281,461600,0,0,1,'','东方市',460000,'','',1368120201),(282,461700,0,0,1,'','定安',460000,'','',1368120201),(283,461800,0,0,1,'','屯昌',460000,'','',1368120201),(284,461900,0,0,1,'','澄迈',460000,'','',1368120201),(285,462000,0,0,1,'','临高',460000,'','',1368120201),(286,462100,0,0,1,'','白沙',460000,'','',1368120201),(287,462200,0,0,1,'','昌江',460000,'','',1368120201),(288,462300,0,0,1,'','乐东',460000,'','',1368120201),(289,462400,0,0,1,'','陵水',460000,'','',1368120201),(290,462500,0,0,1,'','保亭',460000,'','',1368120201),(291,462600,0,0,1,'','琼中',460000,'','',1368120201),(292,462700,0,0,1,'','西沙群岛',460000,'','',1368120201),(293,500100,0,0,1,'','重庆市',500000,'','',1368120201),(294,510100,0,0,1,'','成都市',510000,'','',1368120201),(295,510300,0,0,1,'','自贡市',510000,'','',1368120201),(296,510400,0,0,1,'','攀枝花市',510000,'','',1368120201),(297,510500,0,0,1,'','泸州市',510000,'','',1368120201),(298,510600,0,0,1,'','德阳市',510000,'','',1368120201),(299,510700,0,0,1,'','绵阳市',510000,'','',1368120201),(300,510800,0,0,1,'','广元市',510000,'','',1368120201),(301,510900,0,0,1,'','遂宁市',510000,'','',1368120201),(302,511000,0,0,1,'','内江市',510000,'','',1368120201),(303,511100,0,0,1,'','乐山市',510000,'','',1368120201),(304,511300,0,0,1,'','南充市',510000,'','',1368120201),(305,511400,0,0,1,'','眉山市',510000,'','',1368120201),(306,511500,0,0,1,'','宜宾市',510000,'','',1368120201),(307,511600,0,0,1,'','广安市',510000,'','',1368120201),(308,511700,0,0,1,'','达州市',510000,'','',1368120201),(309,511800,0,0,1,'','雅安市',510000,'','',1368120201),(310,511900,0,0,1,'','巴中市',510000,'','',1368120201),(311,512000,0,0,1,'','资阳市',510000,'','',1368120201),(312,513200,0,0,1,'','阿坝州',510000,'','',1368120201),(313,513300,0,0,1,'','甘孜州',510000,'','',1368120201),(314,513400,0,0,1,'','凉山州',510000,'','',1368120201),(315,520100,0,0,1,'','贵阳市',520000,'','',1368120201),(316,520200,0,0,1,'','六盘水市',520000,'','',1368120201),(317,520300,0,0,1,'','遵义市',520000,'','',1368120201),(318,520400,0,0,1,'','安顺市',520000,'','',1368120201),(319,522200,0,0,1,'','铜仁市',520000,'','',1368120201),(320,522300,0,0,1,'','黔西南州',520000,'','',1368120201),(321,522400,0,0,1,'','毕节市',520000,'','',1368120201),(322,522600,0,0,1,'','黔东南州',520000,'','',1368120201),(323,522700,0,0,1,'','黔南州',520000,'','',1368120201),(324,530100,0,0,1,'','昆明市',530000,'','',1368120201),(325,530300,0,0,1,'','曲靖市',530000,'','',1368120201),(326,530400,0,0,1,'','玉溪市',530000,'','',1368120201),(327,530500,0,0,1,'','保山市',530000,'','',1368120201),(328,530600,0,0,1,'','昭通市',530000,'','',1368120201),(329,530700,0,0,1,'','丽江市',530000,'','',1368120201),(330,530800,0,0,1,'','普洱市',530000,'','',1368120201),(331,530900,0,0,1,'','临沧市',530000,'','',1368120201),(332,532300,0,0,1,'','楚雄州',530000,'','',1368120201),(333,532500,0,0,1,'','红河州',530000,'','',1368120201),(334,532600,0,0,1,'','文山州',530000,'','',1368120201),(335,532800,0,0,1,'','西双版纳州',530000,'','',1368120201),(336,532900,0,0,1,'','大理州',530000,'','',1368120201),(337,533100,0,0,1,'','德宏州',530000,'','',1368120201),(338,533300,0,0,1,'','怒江州',530000,'','',1368120201),(339,533400,0,0,1,'','迪庆州',530000,'','',1368120201),(340,540100,0,0,1,'','拉萨市',540000,'','',1368120201),(341,542100,0,0,1,'','昌都地区',540000,'','',1368120201),(342,542200,0,0,1,'','山南地区',540000,'','',1368120201),(343,542300,0,0,1,'','日喀则地区',540000,'','',1368120201),(344,542400,0,0,1,'','那曲地区',540000,'','',1368120201),(345,542500,0,0,1,'','阿里地区',540000,'','',1368120201),(346,542600,0,0,1,'','林芝地区',540000,'','',1368120201),(347,610100,0,0,1,'','西安市',610000,'','',1368120201),(348,610200,0,0,1,'','铜川市',610000,'','',1368120201),(349,610300,0,0,1,'','宝鸡市',610000,'','',1368120201),(350,610400,0,0,1,'','咸阳市',610000,'','',1368120201),(351,610500,0,0,1,'','渭南市',610000,'','',1368120201),(352,610600,0,0,1,'','延安市',610000,'','',1368120201),(353,610700,0,0,1,'','汉中市',610000,'','',1368120201),(354,610800,0,0,1,'','榆林市',610000,'','',1368120201),(355,610900,0,0,1,'','安康市',610000,'','',1368120201),(356,611000,0,0,1,'','商洛市',610000,'','',1368120201),(357,620100,0,0,1,'','兰州市',620000,'','',1368120201),(358,620200,0,0,1,'','嘉峪关市',620000,'','',1368120201),(359,620300,0,0,1,'','金昌市',620000,'','',1368120201),(360,620400,0,0,1,'','白银市',620000,'','',1368120201),(361,620500,0,0,1,'','天水市',620000,'','',1368120201),(362,620600,0,0,1,'','武威市',620000,'','',1368120201),(363,620700,0,0,1,'','张掖市',620000,'','',1368120201),(364,620800,0,0,1,'','平凉市',620000,'','',1368120201),(365,620900,0,0,1,'','酒泉市',620000,'','',1368120201),(366,621000,0,0,1,'','庆阳市',620000,'','',1368120201),(367,621100,0,0,1,'','定西市',620000,'','',1368120201),(368,621200,0,0,1,'','陇南市',620000,'','',1368120201),(369,622900,0,0,1,'','临夏州',620000,'','',1368120201),(370,623000,0,0,1,'','甘南州',620000,'','',1368120201),(371,630100,0,0,1,'','西宁市',630000,'','',1368120201),(372,632100,0,0,1,'','海东地区',630000,'','',1368120201),(373,632200,0,0,1,'','海北州',630000,'','',1368120201),(374,632300,0,0,1,'','黄南州',630000,'','',1368120201),(375,632500,0,0,1,'','海南州',630000,'','',1368120201),(376,632600,0,0,1,'','果洛州',630000,'','',1368120201),(377,632700,0,0,1,'','玉树州',630000,'','',1368120201),(378,632800,0,0,1,'','海西州',630000,'','',1368120201),(379,640100,0,0,1,'','银川市',640000,'','',1368120202),(380,640200,0,0,1,'','石嘴山市',640000,'','',1368120202),(381,640300,0,0,1,'','吴忠市',640000,'','',1368120202),(382,640400,0,0,1,'','固原市',640000,'','',1368120202),(383,640500,0,0,1,'','中卫市',640000,'','',1368120202),(384,650100,0,0,1,'','乌鲁木齐市',650000,'','',1368120202),(385,650200,0,0,1,'','克拉玛依市',650000,'','',1368120202),(386,650300,0,0,1,'','米泉',650000,'','',1368120202),(387,652100,0,0,1,'','吐鲁番地区',650000,'','',1368120202),(388,652200,0,0,1,'','哈密地区',650000,'','',1368120202),(389,652300,0,0,1,'','昌吉州',650000,'','',1368120202),(390,652700,0,0,1,'','博尔塔拉州',650000,'','',1368120202),(391,652800,0,0,1,'','巴音郭楞州',650000,'','',1368120202),(392,652900,0,0,1,'','阿克苏地区',650000,'','',1368120202),(393,653000,0,0,1,'','克孜勒苏州',650000,'','',1368120202),(394,653100,0,0,1,'','喀什地区',650000,'','',1368120202),(395,653200,0,0,1,'','和田地区',650000,'','',1368120202),(396,654000,0,0,1,'','伊犁州',650000,'','',1368120202),(397,654200,0,0,1,'','塔城地区',650000,'','',1368120202),(398,654300,0,0,1,'','阿勒泰地区',650000,'','',1368120202),(399,655100,0,0,1,'','石河子市',650000,'','',1368120202),(400,655200,0,0,1,'','阿拉尔市',650000,'','',1368120202),(401,655300,0,0,1,'','图木舒克市',650000,'','',1368120202),(402,655400,0,0,1,'','五家渠市',650000,'','',1368120202),(403,710100,0,0,1,'','台湾省',710000,'','',1368120202),(404,810100,0,0,1,'','香港特区',810000,'','',1368120202),(405,820100,0,0,1,'','澳门特区',820000,'','',1368120202),(406,530901,0,0,1,'','临沧地区',530000,'','',0),(407,423401,0,0,1,'','襄樊市',420000,'','',0),(408,423402,0,0,1,'','钟祥市',420000,'','',1368120200),(409,321301,0,0,1,'','张家港',320000,'','',1368120199),(410,371701,0,0,1,'','莱阳市',370000,'','',1368120200),(411,152901,0,0,1,'','霍林郭勒市',150000,'','',1368120199),(412,222401,0,0,1,'','延吉市',220000,'','',1368120199),(413,632801,0,0,1,'','格尔木市',630000,'','',1368120201),(414,131101,0,0,1,'','任丘市',130000,'','',1368120199),(415,655401,0,0,1,'','奎屯市',650000,'','',1368120202),(416,655402,0,0,1,'','伊宁市',650000,'','',1368120202),(417,655403,0,0,1,'','博乐市',650000,'','',1368120202),(418,655404,0,0,1,'','库尔勒市',650000,'','',1368120202),(419,522701,0,0,1,'','清镇市',520000,'','',1368120201),(420,632802,0,0,1,'','德令哈市',630000,'','',1368120201),(421,530902,0,0,1,'','景洪市',530000,'','',1368120201),(422,530903,0,0,1,'','开远市',530000,'','',1368120201),(423,433101,0,0,1,'','耒阳市',430000,'','',1368120200),(424,433102,0,0,1,'','吉首市',430000,'','',1368120200),(425,350901,0,0,1,'','永安市',350000,'','',1368120200),(426,350902,0,0,1,'','晋江市',350000,'','',1368120200),(427,433102,0,0,1,'','常德市',430000,'','',1368120200),(428,522701,0,0,1,'','都匀',520000,'','',1368120201),(429,522702,0,0,1,'','凯里市',520000,'','',1368120201);
/*!40000 ALTER TABLE `ci_city` ENABLE KEYS */;
UNLOCK TABLES;

--
-- Table structure for table `ci_coltypes`
--

DROP TABLE IF EXISTS `ci_coltypes`;
/*!40101 SET @saved_cs_client     = @@character_set_client */;
/*!40101 SET character_set_client = utf8 */;
CREATE TABLE `ci_coltypes` (
  `id` int(11) NOT NULL AUTO_INCREMENT COMMENT '标识',
  `sort_id` int(11) DEFAULT NULL COMMENT '排序id',
  `fid` int(11) DEFAULT NULL COMMENT '父类型',
  `depth` int(3) DEFAULT NULL COMMENT '深度',
  `cid` int(4) NOT NULL DEFAULT '0' COMMENT '栏目ID',
  `name` varchar(30) NOT NULL DEFAULT 'ctype' COMMENT '表单名称，分类标志，单个栏目多个类型时',
  `title` varchar(30) DEFAULT NULL COMMENT '标题类型',
  `identify` varchar(30) DEFAULT NULL COMMENT '标记',
  `photo` varchar(30) DEFAULT NULL COMMENT '图片',
  `thumb` varchar(200) DEFAULT NULL COMMENT '缩略图',
  `show` int(1) NOT NULL DEFAULT '1' COMMENT '显示',
  `icon1` varchar(30) DEFAULT NULL COMMENT '图标1',
  `icon2` varchar(30) DEFAULT NULL COMMENT '图标2',
  PRIMARY KEY (`id`)
) ENGINE=MyISAM AUTO_INCREMENT=5 DEFAULT CHARSET=utf8;
/*!40101 SET character_set_client = @saved_cs_client */;

--
-- Dumping data for table `ci_coltypes`
--

LOCK TABLES `ci_coltypes` WRITE;
/*!40000 ALTER TABLE `ci_coltypes` DISABLE KEYS */;
INSERT INTO `ci_coltypes` VALUES (1,1,0,0,48,'ctype','活动招募',NULL,NULL,NULL,1,'129','130'),(2,2,0,0,48,'ctype','新闻动态',NULL,NULL,NULL,1,'131','132'),(3,3,0,0,48,'ctype','母婴知识',NULL,NULL,NULL,1,'133','134');
/*!40000 ALTER TABLE `ci_coltypes` ENABLE KEYS */;
UNLOCK TABLES;

--
-- Table structure for table `ci_columns`
--

DROP TABLE IF EXISTS `ci_columns`;
/*!40101 SET @saved_cs_client     = @@character_set_client */;
/*!40101 SET character_set_client = utf8 */;
CREATE TABLE `ci_columns` (
  `id` int(4) NOT NULL AUTO_INCREMENT COMMENT '标识',
  `sort_id` int(4) DEFAULT NULL COMMENT '排序',
  `parent_id` int(4) NOT NULL DEFAULT '0' COMMENT '父标识(col id)',
  `depth` int(4) NOT NULL DEFAULT '1' COMMENT '深度',
  `identify` tinytext NOT NULL COMMENT 'url唯一标记(word or link)',
  `path` tinytext NOT NULL COMMENT 'urlpath',
  `title` tinytext NOT NULL COMMENT '标题',
  `title_seo` tinytext COMMENT '优化标题',
  `tags` tinytext COMMENT '标签',
  `intro` text COMMENT '简介',
  `mid` int(2) NOT NULL COMMENT '模型标识(Model id)',
  `temp_index` varchar(50) DEFAULT NULL COMMENT '前台模板栏目index',
  `temp_show` varchar(50) DEFAULT NULL COMMENT '内容展示模板show',
  `status` int(1) NOT NULL DEFAULT '1' COMMENT '0删除 1正常',
  `show` int(1) NOT NULL DEFAULT '1' COMMENT '0隐藏 1正常',
  PRIMARY KEY (`id`)
) ENGINE=MyISAM AUTO_INCREMENT=13 DEFAULT CHARSET=utf8 COMMENT='栏目';
/*!40101 SET character_set_client = @saved_cs_client */;

--
-- Dumping data for table `ci_columns`
--

LOCK TABLES `ci_columns` WRITE;
/*!40000 ALTER TABLE `ci_columns` DISABLE KEYS */;
INSERT INTO `ci_columns` VALUES (1,1,0,0,'motherday','/motherday','母亲节','','','',17,'','',1,1),(2,2,1,1,'banner','motherday/banner','banner','','','',13,'','',1,1),(3,8,1,1,'footer','motherday/footer','页脚信息','','','',12,'','',1,1),(4,3,1,1,'ruler','motherday/ruler','活动规则','母亲节微信活动--活动规则','','',8,'','',1,1),(5,4,1,1,'message','motherday/message','活动留言板','母亲节微信活动--留言内容','','',17,'','',1,1),(6,5,5,2,'guide','motherday/message/guide','引导语','','','',8,'','',1,1),(7,6,1,1,'letter','motherday/letter','信纸设置','母亲节微信活动--留言信纸查看','','',8,'','',1,1),(8,7,1,1,'prizes','motherday/prizes','优惠券设置','母亲节微信活动--优惠券奖品','','',12,'','',1,1),(9,9,8,2,'prizes-list','motherday/prizes/prizes-list','优惠券列表','','','',12,'','',1,1),(10,10,8,2,'content','motherday/prizes/content','优惠券内容','','','',8,'','',1,1),(11,11,0,0,'wx','/wx','微信设置','','','',8,'','',1,1),(12,12,0,0,'alysms','/alysms','短信设置','','','',8,'','',1,1);
/*!40000 ALTER TABLE `ci_columns` ENABLE KEYS */;
UNLOCK TABLES;

--
-- Table structure for table `ci_configs`
--

DROP TABLE IF EXISTS `ci_configs`;
/*!40101 SET @saved_cs_client     = @@character_set_client */;
/*!40101 SET character_set_client = utf8 */;
CREATE TABLE `ci_configs` (
  `id` int(11) NOT NULL AUTO_INCREMENT,
  `sort_id` int(11) NOT NULL,
  `category` varchar(30) NOT NULL COMMENT '分类',
  `key` varchar(30) NOT NULL COMMENT '键值',
  `value` text NOT NULL COMMENT '值',
  `label` varchar(100) NOT NULL COMMENT '标题',
  `intor` tinytext COMMENT '简介',
  PRIMARY KEY (`id`)
) ENGINE=MyISAM AUTO_INCREMENT=33 DEFAULT CHARSET=utf8 COMMENT='配置';
/*!40101 SET character_set_client = @saved_cs_client */;

--
-- Dumping data for table `ci_configs`
--

LOCK TABLES `ci_configs` WRITE;
/*!40000 ALTER TABLE `ci_configs` DISABLE KEYS */;
INSERT INTO `ci_configs` VALUES (1,1,'adminer','title_suffix','杭州博采网络科技股份有限公司','标题后缀','后端标题栏显示内容的后缀.'),(2,9,'site','copyright','© 2017','CopyRight',''),(3,8,'site','email','','联系邮箱',''),(4,4,'site','title_suffix','Hibaby母婴健康中心--母亲节活动','公司名称|品牌名称','前台站点标题的后缀优化'),(5,5,'site','title_seo','Hibaby母婴健康中心——让每个家庭都享受卓越品质的健康服务','首页标题[Title]','网站优化标题'),(6,6,'site','tags','月子会所,月子,月子中心,坐月子,Hibaby母婴健康,Hibaby,凯贝姆,月子护理,月子服务,产后康复,月子餐,北京月子中心','关键词[Keywords]','网站关键词设定，使用`,`来间隔标签.'),(7,7,'site','intro','“Hibaby”是国内领先的母婴健康服务品牌，拥有临床经验丰富的妇、产、儿、中医科专家医生及资深护理团队。我们十数年专注于母婴健康领域，致力于为中国家庭提供高品质的孕期护理、月子期休养、新生儿护理、产后康复等一体化服务。','站点描述[Description]','网站描述'),(8,10,'site','icp','京ICP备 16069545','ICP编号',''),(9,9,'adminer_x','rember_hours','72','记住登录','记住登录的时间，默认单位为小时。'),(15,10,'adminer','nopurview','login,welcome,manager,ajax','权限过滤',''),(10,11,'adminer_x','forbidden_hours','2','登录禁用','账户登录错误超过6次时的禁用时间[小时]。'),(11,12,'email','stmp','smtp.126.com','STMP服务器',''),(12,13,'email','account','hzbocweb@126.com','帐号','发送帐号'),(13,14,'email','pwd','bocweb123456','密码',''),(14,15,'email','port','465','端口','STMP端口[25,开启ssl加密方式为 465 或 994]'),(22,12,'email','name','电邮名称','电邮名称','邮件地址显示的名称'),(16,3,'site','title','前端标题 ss','网站标题','用于保存前台站点的默认首页标题'),(17,1,'upload_x','upload_size','120m','上传大小限制','默认上传权限大小'),(18,2,'upload','inline_file_types','gif|jpe?g|png|doc?|mp?|zip|pdf|mp4|flv','上传后缀过滤','文件类型的上传'),(19,3,'upload_x','memory_limit','120m','内存限制',''),(20,4,'upload_x','max_file_uploads','10','上传文件个数','个数限制'),(21,5,'upload','scale_width','0','上传图片默认宽度','主要为编辑器上传图片设定'),(23,7,'upload','watermark','0','图片水印','图片使用背景为透明的PNG格式'),(24,0,'html','html','0','开启静态','是否使用静态生成'),(25,0,'html','token','','验证密码','对生成页面操作进行验证,用于第三方触发'),(26,0,'html','urlmodel','0','路由模式','0:ID;1:标题,2:拼音'),(27,6,'upload','scale_height','0','上传图片高度','主要为编辑器上传图片压缩高度'),(28,11,'site_tj','tongji','CNZZ','统计代码（CNZZ,百度）',NULL),(29,12,'site','qq','0','在线客服',NULL),(30,13,'site','ad','0','漂浮广告',NULL),(31,14,'site_x','mqq','3','在线客服模版',NULL),(32,32,'email','ssl','ssl','SSL加密','使用SSL加密方式发送。不使用修改为空');
/*!40000 ALTER TABLE `ci_configs` ENABLE KEYS */;
UNLOCK TABLES;

--
-- Table structure for table `ci_dealer`
--

DROP TABLE IF EXISTS `ci_dealer`;
/*!40101 SET @saved_cs_client     = @@character_set_client */;
/*!40101 SET character_set_client = utf8 */;
CREATE TABLE `ci_dealer` (
  `id` int(11) NOT NULL AUTO_INCREMENT,
  `cid` int(11) NOT NULL,
  `ccid` int(11) DEFAULT '0',
  `type_id` int(11) DEFAULT NULL,
  `sort_id` int(11) NOT NULL DEFAULT '0',
  `audit` int(1) NOT NULL DEFAULT '0',
  `flag` int(1) NOT NULL DEFAULT '0',
  `show` int(1) NOT NULL DEFAULT '1',
  `status` int(1) NOT NULL DEFAULT '0',
  `title_seo` tinytext,
  `intro` varchar(250) DEFAULT NULL,
  `tags` tinytext,
  `content` mediumtext,
  `username` varchar(250) DEFAULT NULL,
  `password` varchar(250) DEFAULT NULL,
  `provinceid` int(12) DEFAULT NULL,
  `cityid` int(250) DEFAULT NULL,
  `title` varchar(250) DEFAULT NULL,
  `address` tinytext,
  `lal` varchar(250) DEFAULT NULL,
  `timeline` int(11) DEFAULT NULL,
  `photo` varchar(250) DEFAULT NULL,
  `thumb` varchar(250) DEFAULT NULL,
  `mobile` varchar(200) DEFAULT NULL,
  `telphone` varchar(200) DEFAULT NULL,
  PRIMARY KEY (`id`)
) ENGINE=MyISAM DEFAULT CHARSET=utf8 COMMENT='门店';
/*!40101 SET character_set_client = @saved_cs_client */;

--
-- Dumping data for table `ci_dealer`
--

LOCK TABLES `ci_dealer` WRITE;
/*!40000 ALTER TABLE `ci_dealer` DISABLE KEYS */;
/*!40000 ALTER TABLE `ci_dealer` ENABLE KEYS */;
UNLOCK TABLES;

--
-- Table structure for table `ci_download`
--

DROP TABLE IF EXISTS `ci_download`;
/*!40101 SET @saved_cs_client     = @@character_set_client */;
/*!40101 SET character_set_client = utf8 */;
CREATE TABLE `ci_download` (
  `id` int(11) NOT NULL AUTO_INCREMENT COMMENT '唯一编号',
  `cid` int(11) NOT NULL COMMENT '所属栏目',
  `ccid` int(11) NOT NULL DEFAULT '0' COMMENT '栏目条目ID伪栏目',
  `sort_id` int(11) DEFAULT '0' COMMENT '排序编号',
  `audit` int(1) NOT NULL DEFAULT '0' COMMENT '0:1审核',
  `flag` int(1) NOT NULL DEFAULT '0' COMMENT '0:1推荐',
  `ctype` int(4) NOT NULL DEFAULT '0' COMMENT '默认分类',
  `type_id` int(4) DEFAULT NULL COMMENT '类型',
  `title` tinytext NOT NULL COMMENT '标题',
  `link` tinytext NOT NULL COMMENT '外链',
  `title_seo` tinytext,
  `intro` varchar(500) DEFAULT NULL COMMENT '简介(200汉字)',
  `tags` tinytext COMMENT '标签',
  `content` text COMMENT '内容',
  `timeline` int(11) DEFAULT NULL COMMENT '发布/修改时间',
  `status` int(1) NOT NULL DEFAULT '0' COMMENT '0:1状态,1 发布，0 草稿',
  `click` int(11) NOT NULL DEFAULT '0' COMMENT '浏览次数',
  `photo` varchar(200) DEFAULT NULL COMMENT '图片',
  `thumb` varchar(200) DEFAULT NULL COMMENT '图片缩略图',
  `files` tinytext COMMENT '附件',
  PRIMARY KEY (`id`)
) ENGINE=MyISAM DEFAULT CHARSET=utf8 COMMENT='资料下载';
/*!40101 SET character_set_client = @saved_cs_client */;

--
-- Dumping data for table `ci_download`
--

LOCK TABLES `ci_download` WRITE;
/*!40000 ALTER TABLE `ci_download` DISABLE KEYS */;
/*!40000 ALTER TABLE `ci_download` ENABLE KEYS */;
UNLOCK TABLES;

--
-- Table structure for table `ci_feedback`
--

DROP TABLE IF EXISTS `ci_feedback`;
/*!40101 SET @saved_cs_client     = @@character_set_client */;
/*!40101 SET character_set_client = utf8 */;
CREATE TABLE `ci_feedback` (
  `id` int(11) NOT NULL AUTO_INCREMENT,
  `sort_id` int(11) DEFAULT NULL COMMENT '排序编号',
  `audit` int(1) NOT NULL DEFAULT '0' COMMENT '0:1审核',
  `type_id` int(11) DEFAULT NULL COMMENT '分类',
  `title` varchar(100) DEFAULT NULL COMMENT '标题',
  `content` text COMMENT '详细内容',
  `answer` text COMMENT '回答问题',
  `username` varchar(50) DEFAULT NULL COMMENT '用户名',
  `telphone` varchar(50) DEFAULT NULL COMMENT '电话',
  `fax` varchar(50) CHARACTER SET utf8 COLLATE utf8_estonian_ci DEFAULT NULL COMMENT '传真',
  `email` varchar(100) DEFAULT NULL COMMENT '邮箱',
  `address` varchar(100) DEFAULT NULL COMMENT '地址',
  `solve` int(1) DEFAULT '0' COMMENT '解决',
  `show` int(1) DEFAULT NULL COMMENT '是否显示',
  `timeline` int(11) DEFAULT NULL COMMENT '发布时间',
  `timeline_answer` int(11) DEFAULT NULL COMMENT '回复时间',
  `city` varchar(255) DEFAULT NULL COMMENT '城市',
  `date` int(11) DEFAULT NULL COMMENT '日期',
  PRIMARY KEY (`id`)
) ENGINE=MyISAM AUTO_INCREMENT=8 DEFAULT CHARSET=utf8 COMMENT='反馈';
/*!40101 SET character_set_client = @saved_cs_client */;

--
-- Dumping data for table `ci_feedback`
--

LOCK TABLES `ci_feedback` WRITE;
/*!40000 ALTER TABLE `ci_feedback` DISABLE KEYS */;
INSERT INTO `ci_feedback` VALUES (1,1,0,NULL,NULL,NULL,NULL,'1213213','13213215465',NULL,NULL,'4515313213123',0,NULL,1508739307,NULL,'1',1477238400),(2,2,0,NULL,NULL,NULL,NULL,'小向','13455678907',NULL,NULL,'打豆豆',0,NULL,1508813100,NULL,'1',1508814671),(3,3,0,NULL,NULL,NULL,NULL,'xiaoxiao','13213215465',NULL,NULL,'仁和医院',0,NULL,1508932278,NULL,'北京',1508860800),(4,4,0,NULL,NULL,NULL,NULL,'嗯嗯','13466514786',NULL,NULL,'打豆豆',0,NULL,1508984788,NULL,'d的的的的',0),(5,5,0,NULL,NULL,NULL,NULL,'徐','18511678568',NULL,NULL,'安贞医院',0,NULL,1509086195,NULL,'北京',1519142400),(6,6,0,NULL,NULL,NULL,NULL,'hibaby','13213215465',NULL,NULL,'浙一医院',0,NULL,1509095066,NULL,'杭州',1509033600),(7,7,0,NULL,NULL,NULL,NULL,'林先生','13506622850',NULL,NULL,'杭州一医院',0,NULL,1509095448,NULL,'杭州',1509033600);
/*!40000 ALTER TABLE `ci_feedback` ENABLE KEYS */;
UNLOCK TABLES;

--
-- Table structure for table `ci_gallery`
--

DROP TABLE IF EXISTS `ci_gallery`;
/*!40101 SET @saved_cs_client     = @@character_set_client */;
/*!40101 SET character_set_client = utf8 */;
CREATE TABLE `ci_gallery` (
  `id` int(11) NOT NULL AUTO_INCREMENT COMMENT '标识',
  `cid` int(4) NOT NULL COMMENT '栏目标识',
  `ccid` int(11) NOT NULL DEFAULT '0' COMMENT '栏目条目ID伪栏目',
  `sort_id` int(11) NOT NULL COMMENT '排序',
  `audit` int(1) NOT NULL DEFAULT '0' COMMENT '0:1审核',
  `flag` int(1) NOT NULL DEFAULT '0' COMMENT '0:1推荐',
  `ctype` int(4) NOT NULL DEFAULT '0' COMMENT '默认分类',
  `title` tinytext COMMENT '标题',
  `title_seo` tinytext COMMENT '优化标题',
  `tags` tinytext COMMENT '标签',
  `intro` varbinary(500) DEFAULT NULL COMMENT '简介',
  `photo` text COMMENT '图片列表',
  `thumb` text COMMENT '对应压缩图',
  `timeline` int(11) NOT NULL COMMENT '时间线',
  `link` varchar(255) DEFAULT NULL COMMENT '链接',
  PRIMARY KEY (`id`)
) ENGINE=MyISAM DEFAULT CHARSET=utf8 COMMENT='画廊';
/*!40101 SET character_set_client = @saved_cs_client */;

--
-- Dumping data for table `ci_gallery`
--

LOCK TABLES `ci_gallery` WRITE;
/*!40000 ALTER TABLE `ci_gallery` DISABLE KEYS */;
/*!40000 ALTER TABLE `ci_gallery` ENABLE KEYS */;
UNLOCK TABLES;

--
-- Table structure for table `ci_honor`
--

DROP TABLE IF EXISTS `ci_honor`;
/*!40101 SET @saved_cs_client     = @@character_set_client */;
/*!40101 SET character_set_client = utf8 */;
CREATE TABLE `ci_honor` (
  `id` int(11) NOT NULL AUTO_INCREMENT COMMENT '唯一编号',
  `cid` int(11) NOT NULL COMMENT '所属栏目',
  `ccid` int(11) NOT NULL DEFAULT '0' COMMENT '栏目条目ID伪栏目',
  `sort_id` int(11) DEFAULT '0' COMMENT '排序编号',
  `audit` int(1) NOT NULL DEFAULT '0' COMMENT '0:1审核',
  `flag` int(1) NOT NULL DEFAULT '0' COMMENT '0:1推荐',
  `ctype` int(4) NOT NULL DEFAULT '0' COMMENT '默认分类',
  `type_id` int(4) DEFAULT NULL COMMENT '类型',
  `title` tinytext NOT NULL COMMENT '标题',
  `link` text COMMENT '外链',
  `title_seo` tinytext,
  `intro` varchar(500) DEFAULT NULL COMMENT '简介(200汉字)',
  `tags` tinytext COMMENT '标签',
  `content` text COMMENT '内容',
  `timeline` int(11) DEFAULT NULL COMMENT '发布/修改时间',
  `expiretime` int(10) DEFAULT NULL COMMENT '公告过期时间',
  `status` int(1) NOT NULL DEFAULT '0' COMMENT '0:1状态,1 发布，0 草稿',
  `click` int(11) NOT NULL DEFAULT '0' COMMENT '浏览次数',
  `photo` varchar(200) DEFAULT NULL COMMENT '图片',
  `thumb` varchar(200) DEFAULT NULL COMMENT '图片缩略图',
  `attachment` tinytext COMMENT '附件',
  PRIMARY KEY (`id`)
) ENGINE=MyISAM DEFAULT CHARSET=utf8 COMMENT='荣誉';
/*!40101 SET character_set_client = @saved_cs_client */;

--
-- Dumping data for table `ci_honor`
--

LOCK TABLES `ci_honor` WRITE;
/*!40000 ALTER TABLE `ci_honor` DISABLE KEYS */;
/*!40000 ALTER TABLE `ci_honor` ENABLE KEYS */;
UNLOCK TABLES;

--
-- Table structure for table `ci_infos`
--

DROP TABLE IF EXISTS `ci_infos`;
/*!40101 SET @saved_cs_client     = @@character_set_client */;
/*!40101 SET character_set_client = utf8 */;
CREATE TABLE `ci_infos` (
  `id` int(11) NOT NULL AUTO_INCREMENT COMMENT '唯一编号',
  `cid` int(11) NOT NULL COMMENT '所属栏目',
  `ccid` int(11) NOT NULL DEFAULT '0' COMMENT '栏目条目ID伪栏目',
  `sort_id` int(11) DEFAULT '0' COMMENT '排序编号',
  `audit` int(1) NOT NULL DEFAULT '0' COMMENT '0:1审核',
  `flag` int(1) NOT NULL DEFAULT '0' COMMENT '0:1推荐',
  `ctype` int(4) NOT NULL DEFAULT '0' COMMENT '默认分类',
  `type_id` int(4) DEFAULT NULL COMMENT '类型',
  `title` tinytext NOT NULL COMMENT '标题',
  `title_seo` tinytext,
  `intro` varchar(500) DEFAULT NULL COMMENT '简介(200汉字)',
  `tags` tinytext COMMENT '标签',
  `content` text COMMENT '内容',
  `timeline` int(11) DEFAULT NULL COMMENT '发布/修改时间',
  `expiretime` int(10) DEFAULT NULL COMMENT '公告过期时间',
  `status` int(1) NOT NULL DEFAULT '0' COMMENT '0:1状态,1 发布，0 草稿',
  `author` varchar(50) DEFAULT NULL COMMENT '消息作者',
  `source` varchar(50) DEFAULT NULL COMMENT '消息来源',
  `click` int(11) NOT NULL DEFAULT '0' COMMENT '浏览次数',
  `photo` varchar(200) DEFAULT NULL COMMENT '相关图片',
  `thumb` varchar(200) DEFAULT NULL COMMENT '图片缩略图',
  `files` tinytext COMMENT '附件',
  `outline` text COMMENT '简介',
  `icon` varchar(20) DEFAULT NULL COMMENT '图标',
  `field1` text COMMENT '字段1',
  `icon1` varchar(20) DEFAULT NULL COMMENT '图标',
  `icon2` varchar(20) DEFAULT NULL COMMENT '图标2',
  `photo1` varchar(200) DEFAULT NULL COMMENT '图片1',
  `pics` varchar(255) DEFAULT NULL COMMENT '图集',
  `title1` varchar(255) DEFAULT NULL COMMENT '标题1',
  `field2` varchar(255) DEFAULT NULL COMMENT '字段2',
  `field3` varchar(255) DEFAULT NULL COMMENT '字段3',
  `field4` varchar(255) DEFAULT NULL COMMENT '字段4',
  `field5` varchar(255) DEFAULT NULL COMMENT '字段5',
  `field6` varchar(255) DEFAULT NULL COMMENT '字段6',
  PRIMARY KEY (`id`)
) ENGINE=MyISAM AUTO_INCREMENT=9 DEFAULT CHARSET=utf8 COMMENT='信息表';
/*!40101 SET character_set_client = @saved_cs_client */;

--
-- Dumping data for table `ci_infos`
--

LOCK TABLES `ci_infos` WRITE;
/*!40000 ALTER TABLE `ci_infos` DISABLE KEYS */;
INSERT INTO `ci_infos` VALUES (1,3,0,3,1,0,0,NULL,'主办单位','','  ','',NULL,1547696033,NULL,0,NULL,NULL,0,NULL,NULL,NULL,NULL,NULL,'Hibaby青岛母婴健康中心',NULL,NULL,NULL,NULL,NULL,NULL,NULL,NULL,NULL,NULL),(2,3,0,2,1,0,0,NULL,'地址','','  ','',NULL,1547696057,NULL,0,NULL,NULL,0,NULL,NULL,NULL,NULL,NULL,'崂山区香港东路126号（亚麦花园）13号楼、19号楼',NULL,NULL,NULL,NULL,NULL,NULL,NULL,NULL,NULL,NULL),(3,3,0,1,1,0,0,NULL,'电话','','  ','',NULL,1547696085,NULL,0,NULL,NULL,0,NULL,NULL,NULL,NULL,NULL,'0532-85728886',NULL,NULL,NULL,NULL,NULL,NULL,NULL,NULL,NULL,NULL),(4,9,0,9,1,0,0,NULL,'价值1000元蕊丽私密养护代金券','','  ','',NULL,1547781613,NULL,0,NULL,NULL,0,NULL,NULL,NULL,NULL,NULL,'0001',NULL,NULL,NULL,NULL,NULL,NULL,NULL,NULL,NULL,NULL),(5,9,0,5,1,0,0,NULL,'价值280元本院专家诊费代金券','','  ','',NULL,1547781673,NULL,0,NULL,NULL,0,NULL,NULL,NULL,NULL,NULL,'0005',NULL,NULL,NULL,NULL,NULL,NULL,NULL,NULL,NULL,NULL),(6,9,0,6,1,0,0,NULL,'价值1827元备孕检查代金券','','  ','',NULL,1547781700,NULL,0,NULL,NULL,0,NULL,NULL,NULL,NULL,NULL,'0004',NULL,NULL,NULL,NULL,NULL,NULL,NULL,NULL,NULL,NULL),(7,9,0,7,1,0,0,NULL,'价值1348元早孕检查代金券','','  ','',NULL,1547781713,NULL,0,NULL,NULL,0,NULL,NULL,NULL,NULL,NULL,'0003',NULL,NULL,NULL,NULL,NULL,NULL,NULL,NULL,NULL,NULL),(8,9,0,8,1,0,0,NULL,'价值1000元产检分娩代金券','','  ','',NULL,1547781732,NULL,0,NULL,NULL,0,NULL,NULL,NULL,NULL,NULL,'0002',NULL,NULL,NULL,NULL,NULL,NULL,NULL,NULL,NULL,NULL);
/*!40000 ALTER TABLE `ci_infos` ENABLE KEYS */;
UNLOCK TABLES;

--
-- Table structure for table `ci_irregular`
--

DROP TABLE IF EXISTS `ci_irregular`;
/*!40101 SET @saved_cs_client     = @@character_set_client */;
/*!40101 SET character_set_client = utf8 */;
CREATE TABLE `ci_irregular` (
  `id` int(11) NOT NULL AUTO_INCREMENT COMMENT '唯一编号',
  `cid` int(11) NOT NULL COMMENT '所属栏目',
  `ccid` int(11) NOT NULL DEFAULT '0' COMMENT '栏目条目ID伪栏目',
  `sort_id` int(11) DEFAULT '0' COMMENT '排序编号',
  `audit` int(1) NOT NULL DEFAULT '0' COMMENT '0:1审核',
  `flag` int(1) NOT NULL DEFAULT '0' COMMENT '0:1推荐',
  `ctype` int(4) NOT NULL DEFAULT '0' COMMENT '默认分类',
  `type_id` int(4) DEFAULT NULL COMMENT '类型',
  `title` varchar(200) NOT NULL COMMENT '标题',
  `tagtitle` varchar(200) DEFAULT NULL,
  `entitle` varchar(200) DEFAULT NULL,
  `title_seo` tinytext,
  `intro` varchar(250) DEFAULT NULL COMMENT '简介(200汉字)',
  `tagintro` varchar(200) DEFAULT NULL,
  `tags` tinytext COMMENT '标签',
  `content` text COMMENT '内容',
  `timeline` int(11) DEFAULT NULL COMMENT '发布/修改时间',
  `expiretime` int(10) DEFAULT NULL COMMENT '公告过期时间',
  `status` int(1) NOT NULL DEFAULT '0' COMMENT '0:1状态,1 发布，0 草稿',
  `author` varchar(50) DEFAULT NULL COMMENT '消息作者',
  `source` varchar(50) DEFAULT NULL COMMENT '消息来源',
  `click` int(11) NOT NULL DEFAULT '0' COMMENT '浏览次数',
  `photo` varchar(200) DEFAULT NULL COMMENT '相关图片',
  `thumb` varchar(200) DEFAULT NULL COMMENT '图片缩略图',
  `files` tinytext COMMENT '附件',
  PRIMARY KEY (`id`)
) ENGINE=MyISAM DEFAULT CHARSET=utf8 COMMENT='针对不规则页面的模块表';
/*!40101 SET character_set_client = @saved_cs_client */;

--
-- Dumping data for table `ci_irregular`
--

LOCK TABLES `ci_irregular` WRITE;
/*!40000 ALTER TABLE `ci_irregular` DISABLE KEYS */;
/*!40000 ALTER TABLE `ci_irregular` ENABLE KEYS */;
UNLOCK TABLES;

--
-- Table structure for table `ci_links`
--

DROP TABLE IF EXISTS `ci_links`;
/*!40101 SET @saved_cs_client     = @@character_set_client */;
/*!40101 SET character_set_client = utf8 */;
CREATE TABLE `ci_links` (
  `id` int(4) NOT NULL AUTO_INCREMENT,
  `cid` int(4) NOT NULL COMMENT '栏目 id',
  `ccid` int(11) NOT NULL DEFAULT '0' COMMENT '栏目条目ID伪栏目',
  `sort_id` int(11) DEFAULT NULL COMMENT '排序编号',
  `audit` int(1) NOT NULL DEFAULT '0' COMMENT '0:1审核',
  `flag` int(1) NOT NULL DEFAULT '0' COMMENT '0:1推荐',
  `ctype` int(4) NOT NULL DEFAULT '0' COMMENT '默认分类',
  `title` tinytext NOT NULL COMMENT '标题',
  `content` text COMMENT '详细内容',
  `tip` tinytext COMMENT '鼠标悬停提示',
  `link` tinytext COMMENT 'URL地址',
  `photo` tinytext COMMENT '图片',
  `thumb` tinytext COMMENT '缩略图',
  `show` int(1) DEFAULT '1' COMMENT '是否显示',
  `timeline` int(11) DEFAULT NULL COMMENT '发布时间',
  `city` varchar(255) DEFAULT NULL COMMENT '城市',
  PRIMARY KEY (`id`)
) ENGINE=MyISAM DEFAULT CHARSET=utf8 COMMENT='友情链接';
/*!40101 SET character_set_client = @saved_cs_client */;

--
-- Dumping data for table `ci_links`
--

LOCK TABLES `ci_links` WRITE;
/*!40000 ALTER TABLE `ci_links` DISABLE KEYS */;
/*!40000 ALTER TABLE `ci_links` ENABLE KEYS */;
UNLOCK TABLES;

--
-- Table structure for table `ci_lists`
--

DROP TABLE IF EXISTS `ci_lists`;
/*!40101 SET @saved_cs_client     = @@character_set_client */;
/*!40101 SET character_set_client = utf8 */;
CREATE TABLE `ci_lists` (
  `id` int(11) NOT NULL AUTO_INCREMENT COMMENT '标识',
  `cid` int(4) NOT NULL COMMENT '栏目 id',
  `ccid` int(11) NOT NULL DEFAULT '0' COMMENT '栏目条目ID伪栏目',
  `sort_id` int(11) NOT NULL COMMENT '排序',
  `audit` int(1) NOT NULL DEFAULT '0' COMMENT '0:1审核',
  `flag` int(1) NOT NULL DEFAULT '0' COMMENT '0:1推荐',
  `ctype` int(4) NOT NULL DEFAULT '0' COMMENT '默认分类',
  `title` tinytext COMMENT '小标题',
  `content` text COMMENT '内容',
  `timeline` int(11) NOT NULL COMMENT '时间线',
  PRIMARY KEY (`id`)
) ENGINE=MyISAM DEFAULT CHARSET=utf8 COMMENT='小列表';
/*!40101 SET character_set_client = @saved_cs_client */;

--
-- Dumping data for table `ci_lists`
--

LOCK TABLES `ci_lists` WRITE;
/*!40000 ALTER TABLE `ci_lists` DISABLE KEYS */;
/*!40000 ALTER TABLE `ci_lists` ENABLE KEYS */;
UNLOCK TABLES;

--
-- Table structure for table `ci_log`
--

DROP TABLE IF EXISTS `ci_log`;
/*!40101 SET @saved_cs_client     = @@character_set_client */;
/*!40101 SET character_set_client = utf8 */;
CREATE TABLE `ci_log` (
  `id` int(11) NOT NULL AUTO_INCREMENT,
  `controller` varchar(50) DEFAULT NULL,
  `url` mediumtext COMMENT '控制器',
  `category` varchar(50) DEFAULT '' COMMENT '级别: 1 view,2update,add,3,del',
  `message` tinytext COMMENT '备注',
  `mid` int(6) DEFAULT NULL COMMENT '操作人',
  `ip` varchar(20) DEFAULT NULL COMMENT 'IP地址',
  `timeline` int(11) DEFAULT NULL COMMENT '时间线',
  PRIMARY KEY (`id`)
) ENGINE=MyISAM AUTO_INCREMENT=58 DEFAULT CHARSET=utf8 COMMENT='操作日志';
/*!40101 SET character_set_client = @saved_cs_client */;

--
-- Dumping data for table `ci_log`
--

LOCK TABLES `ci_log` WRITE;
/*!40000 ALTER TABLE `ci_log` DISABLE KEYS */;
INSERT INTO `ci_log` VALUES (1,'login','/wx/motherday/web/bocadmin/index.php/login?url=http://localhost/wx/motherday/web/bocadmin/index.php/advert?','login','manager ID 1: 登录成功！',1,'0.0.0.0',1547624955),(2,'advert','/wx/motherday/web/bocadmin/index.php/advert/delete?ids=2','delete','删除数据id:2',1,'0.0.0.0',1547624963),(3,'banners','/wx/motherday/web/bocadmin/index.php/banners/create?c=2','create','添加数据id:1',1,'0.0.0.0',1547628574),(4,'banners','/wx/motherday/web/bocadmin/index.php/banners/audit?c=2','audit','审核数据ID：1为1',1,'0.0.0.0',1547628600),(5,'login','/web/bocadmin/index.php/login?url=http://motherday.net/web/bocadmin/index.php?','login','manager ID 1: 登录成功！',1,'127.0.0.1',1547693121),(6,'login','/web/bocadmin/index.php/login?url=http://motherday.net/web/bocadmin/index.php?','login','manager ID 1: 登录成功！',1,'127.0.0.1',1547695764),(7,'infos','/web/bocadmin/index.php/infos/create?c=3','create','添加数据id:1',1,'127.0.0.1',1547696053),(8,'infos','/web/bocadmin/index.php/infos/create/?c=3','create','添加数据id:2',1,'127.0.0.1',1547696066),(9,'infos','/web/bocadmin/index.php/infos/create?c=3','create','添加数据id:3',1,'127.0.0.1',1547696091),(10,'infos','/web/bocadmin/index.php/infos/audit?c=3','audit','审核数据ID：3为1',1,'127.0.0.1',1547696101),(11,'infos','/web/bocadmin/index.php/infos/audit?c=3','audit','审核数据ID：1为1',1,'127.0.0.1',1547696102),(12,'infos','/web/bocadmin/index.php/infos/audit?c=3','audit','审核数据ID：2为1',1,'127.0.0.1',1547696103),(13,'login','/bocadmin/index.php/login?url=http://motherday.net/bocadmin/index.php?','login','manager ID 1: 登录成功！',1,'127.0.0.1',1547706016),(14,'columns','/bocadmin/index.php/columns/sortid?ids=1%2C2%2C4%2C3&sort=1%2C2%2C4%2C3&sortby=asc','sort','对数据排序:ID: [1,2,4,3]顺序改为[1,2,3,4]',1,'127.0.0.1',1547706075),(15,'columns','/bocadmin/index.php/columns/edit/4','update','更新数据id:4',1,'127.0.0.1',1547706277),(16,'page','/bocadmin/index.php/page/edit?c=4','update','更新数据id:1',1,'127.0.0.1',1547707555),(17,'page','/bocadmin/index.php/page/edit?c=4','update','更新数据id:1',1,'127.0.0.1',1547709041),(18,'page','/bocadmin/index.php/page/edit?c=4','update','更新数据id:1',1,'127.0.0.1',1547709121),(19,'page','/bocadmin/index.php/page/edit?c=4','update','更新数据id:1',1,'127.0.0.1',1547709243),(20,'page','/bocadmin/index.php/page/edit?c=4','update','更新数据id:1',1,'127.0.0.1',1547709325),(21,'page','/bocadmin/index.php/page/edit?c=4','update','更新数据id:1',1,'127.0.0.1',1547709489),(22,'page','/bocadmin/index.php/page/edit?c=4','update','更新数据id:1',1,'127.0.0.1',1547709560),(23,'page','/bocadmin/index.php/page/edit?c=4','update','更新数据id:1',1,'127.0.0.1',1547709722),(24,'page','/bocadmin/index.php/page/edit?c=4','update','更新数据id:1',1,'127.0.0.1',1547709904),(25,'page','/bocadmin/index.php/page/edit?c=4','update','更新数据id:1',1,'127.0.0.1',1547709966),(26,'page','/bocadmin/index.php/page/edit?c=4','update','更新数据id:1',1,'127.0.0.1',1547710095),(27,'columns','/bocadmin/index.php/columns/edit/5','update','更新数据id:5',1,'127.0.0.1',1547711305),(28,'columns','/bocadmin/index.php/columns/edit/4','update','更新数据id:4',1,'127.0.0.1',1547711334),(29,'columns','/bocadmin/index.php/columns/sortid?ids=1%2C2%2C4%2C5%2C3%2C6&sort=1%2C2%2C3%2C5%2C4%2C6&sortby=asc','sort','对数据排序:ID: [1,2,4,5,3,6]顺序改为[1,2,3,4,5,6]',1,'127.0.0.1',1547711387),(30,'columns','/bocadmin/index.php/columns/sortid?ids=1%2C2%2C4%2C5%2C6%2C3&sort=1%2C2%2C3%2C5%2C6%2C4&sortby=asc','sort','对数据排序:ID: [1,2,4,5,6,3]顺序改为[1,2,3,4,5,6]',1,'127.0.0.1',1547711389),(31,'page','/bocadmin/index.php/page/edit?c=6','update','更新数据id:2',1,'127.0.0.1',1547711431),(32,'columns','/bocadmin/index.php/columns/sortid?ids=1%2C2%2C4%2C5%2C6%2C7%2C3&sort=1%2C2%2C3%2C4%2C5%2C7%2C6&sortby=asc','sort','对数据排序:ID: [1,2,4,5,6,7,3]顺序改为[1,2,3,4,5,6,7]',1,'127.0.0.1',1547713671),(33,'page','/bocadmin/index.php/page/edit?c=7','update','更新数据id:3',1,'127.0.0.1',1547713774),(34,'upload','/bocadmin/index.php/upload/delete','delete','删除文件ID:4',1,'127.0.0.1',1547714134),(35,'upload','/bocadmin/index.php/upload/delete','delete','删除文件ID:5',1,'127.0.0.1',1547714141),(36,'page','/bocadmin/index.php/page/edit?c=7','update','更新数据id:3',1,'127.0.0.1',1547714231),(37,'columns','/bocadmin/index.php/columns/edit/7','update','更新数据id:7',1,'127.0.0.1',1547715847),(38,'login','/bocadmin/index.php/login?url=http://motherday.net/bocadmin/index.php?','login','manager ID 1: 登录成功！',1,'127.0.0.1',1547781364),(39,'columns','/bocadmin/index.php/columns/sortid?ids=1%2C2%2C4%2C5%2C6%2C7%2C8%2C3&sort=1%2C2%2C3%2C4%2C5%2C6%2C8%2C7&sortby=asc','sort','对数据排序:ID: [1,2,4,5,6,7,8,3]顺序改为[1,2,3,4,5,6,7,8]',1,'127.0.0.1',1547781439),(40,'infos','/bocadmin/index.php/infos/create?c=8','create','添加数据id:4',1,'127.0.0.1',1547781620),(41,'infos','/bocadmin/index.php/infos/create?c=8','create','添加数据id:5',1,'127.0.0.1',1547781688),(42,'infos','/bocadmin/index.php/infos/create?c=8','create','添加数据id:6',1,'127.0.0.1',1547781708),(43,'infos','/bocadmin/index.php/infos/create?c=8','create','添加数据id:7',1,'127.0.0.1',1547781724),(44,'infos','/bocadmin/index.php/infos/create?c=8','create','添加数据id:8',1,'127.0.0.1',1547781741),(45,'infos','/bocadmin/index.php/infos/audit?c=8','audit','审核数据ID：4为1',1,'127.0.0.1',1547781770),(46,'infos','/bocadmin/index.php/infos/audit?c=8','audit','审核数据ID：8为1',1,'127.0.0.1',1547781771),(47,'infos','/bocadmin/index.php/infos/audit?c=8','audit','审核数据ID：7为1',1,'127.0.0.1',1547781772),(48,'infos','/bocadmin/index.php/infos/audit?c=8','audit','审核数据ID：6为1',1,'127.0.0.1',1547781772),(49,'infos','/bocadmin/index.php/infos/audit?c=8','audit','审核数据ID：5为1',1,'127.0.0.1',1547781773),(50,'page','/bocadmin/index.php/page/edit?c=10','update','更新数据id:4',1,'127.0.0.1',1547783791),(51,'page','/bocadmin/index.php/page/edit?c=10','update','更新数据id:4',1,'127.0.0.1',1547783867),(52,'page','/bocadmin/index.php/page/edit?c=10','update','更新数据id:4',1,'127.0.0.1',1547790732),(53,'login','/bocadmin/index.php/login?url=http://www.motherday.net/bocadmin/index.php?','login','manager ID 1: 登录成功！',1,'127.0.0.1',1547892526),(54,'columns','/bocadmin/index.php/columns/edit/11','update','更新数据id:11',1,'127.0.0.1',1547892612),(55,'page','/bocadmin/index.php/page/edit?c=11','update','更新数据id:5',1,'127.0.0.1',1547893125),(56,'login','/bocadmin/index.php/login?url=http://wx.sharephotos.cn/bocadmin/index.php?','login','manager ID 1: 登录成功！',1,'121.69.98.234',1548135946),(57,'page','/bocadmin/index.php/page/edit?c=12','update','更新数据id:6',1,'121.69.98.234',1548136876);
/*!40000 ALTER TABLE `ci_log` ENABLE KEYS */;
UNLOCK TABLES;

--
-- Table structure for table `ci_manager`
--

DROP TABLE IF EXISTS `ci_manager`;
/*!40101 SET @saved_cs_client     = @@character_set_client */;
/*!40101 SET character_set_client = utf8 */;
CREATE TABLE `ci_manager` (
  `id` int(6) NOT NULL AUTO_INCREMENT,
  `uname` varchar(50) NOT NULL COMMENT '用户名',
  `nickname` varchar(50) DEFAULT NULL COMMENT '显示名称',
  `pwd` varchar(64) NOT NULL COMMENT '密码',
  `gid` varchar(64) NOT NULL DEFAULT '2' COMMENT '用户组ID',
  `email` varchar(100) NOT NULL COMMENT 'email',
  `tel` varchar(30) DEFAULT NULL COMMENT '电话',
  `phone` varchar(30) DEFAULT NULL COMMENT '手机',
  `addr` varchar(100) DEFAULT NULL COMMENT '地址',
  `status` int(1) NOT NULL DEFAULT '1' COMMENT '用户状态，0 禁用',
  `login_today` int(11) DEFAULT NULL COMMENT '今日登录次数',
  `pwd_errors` int(1) NOT NULL DEFAULT '0' COMMENT '密码错误次数',
  `login_ip` varchar(25) DEFAULT NULL COMMENT '最后登录的IP',
  `reg_time` int(11) DEFAULT NULL COMMENT '添加时间',
  `login_time` int(11) DEFAULT NULL COMMENT '最后一次登录时间',
  `ga` int(1) DEFAULT '0' COMMENT 'GA 两部验证密钥 开启与否',
  `getpass` int(11) DEFAULT NULL COMMENT '获取密码时间',
  PRIMARY KEY (`id`)
) ENGINE=MyISAM AUTO_INCREMENT=3 DEFAULT CHARSET=utf8 COMMENT='后端管理帐号';
/*!40101 SET character_set_client = @saved_cs_client */;

--
-- Dumping data for table `ci_manager`
--

LOCK TABLES `ci_manager` WRITE;
/*!40000 ALTER TABLE `ci_manager` DISABLE KEYS */;
INSERT INTO `ci_manager` VALUES (1,'bocadmin','超级用户','1620710771fe1515410eb6f93d86aee7','1','customservice@bocweb.cn','','','',1,0,0,'121.69.98.234',1376471117,1548135946,1,1389317880),(2,'testadmin','testadmin','eb15fe3fe753fd02d6ba21208430df0c','3','','','','',1,NULL,0,'127.0.0.1',1487214605,1487922425,0,NULL);
/*!40000 ALTER TABLE `ci_manager` ENABLE KEYS */;
UNLOCK TABLES;

--
-- Table structure for table `ci_manager_group`
--

DROP TABLE IF EXISTS `ci_manager_group`;
/*!40101 SET @saved_cs_client     = @@character_set_client */;
/*!40101 SET character_set_client = utf8 */;
CREATE TABLE `ci_manager_group` (
  `id` int(2) NOT NULL AUTO_INCREMENT,
  `purview` text NOT NULL COMMENT '权限id序列',
  `title` varchar(50) NOT NULL COMMENT '用户组名称',
  `title_en` varchar(50) NOT NULL COMMENT '用户组名称en',
  PRIMARY KEY (`id`)
) ENGINE=MyISAM AUTO_INCREMENT=5 DEFAULT CHARSET=utf8 COMMENT='权限组';
/*!40101 SET character_set_client = @saved_cs_client */;

--
-- Dumping data for table `ci_manager_group`
--

LOCK TABLES `ci_manager_group` WRITE;
/*!40000 ALTER TABLE `ci_manager_group` DISABLE KEYS */;
INSERT INTO `ci_manager_group` VALUES (2,'7afb566e83d3dca2d8a47c8cc29e7e36,ff2fa0336fe8fbc6a51c4707aa47c3e3,a155574e57e9a8a0d0c6ecb1c511da68,fddc215a132fa97ca3c193f1cae5cf9f,c54e594684ebf2862c75ba29d83f71be,2ebbbd65b4e2fc52a3ce44de2160e8d2,12fb6543af2e5541b0fc4f8fdd950be0,8d2159c1e0cf70473e66866eb026e80f,c166381208e23d3f4d65dec1231ccf76,a87d77b65f6d1e8380b3d05290a994d0,430f99bc176c67ec705091d6a5da07d4,d230f6a24270b02237beb82a23e2742f,54b064097df1ab924354f87efcdc4ea0,2338d4221db8f9c52bcc2d64ee436b23,70fc54e47310e38ef19160c17ecd91af,ad92c9d2ad1d512ea852e8ae88f762ff,d0101b9aa277c72e45d078dd8369fc65','用户','users'),(3,'c867ca63fa6504097128acd1ec81cc1a,8402f762da81b63635478f2d63f2fdb0,83b8b31e64c2f941330581de0015f701,5afe031774d80619f5274fa8468c75ed,dbc863e8a21931db8c1d01bc3db3243a,c1799ca1ca659969ec9a0c8dc3a0883b,690c2a41b4cad051baa6666408bc1bd4,10722981017d6155f9ae2fb1da613169,bf2578f224f9e3097c5e47592ca6f9eb,246ef4ba4849e248bc2b4aa8a25c77a5,b5203f7798cc1d9a3db648385cf92f6f,e365835bb5497e8ecf9ce3e18c81d98b,ff5661ddcf33bab40779b62dd0650519,86a69d1e6fd165d5e5d68a78d8ba620e,92c6849f707eeb59b63e8ae9d142ab5c,473697975e44f6fe35c50508a46eea70,89fde7c17a019a877557924256dbed9d,9b1481c45390195bbc93617657f26aa0,34dfc17876c55eb53e8851438b7eefea,229ceb68059d9d878fd635aa22afa6f7,0b044f0efa50f5d997e64dc511d3153d,15c1d3cc59e786989d3bb025b22bb059,e7d2a3d3c4112dc5845fb09e9ce70201,6917a6f69a3b783d8b2cc9a15f93e0c7,9bb626496f5cae83b00ffb481552432b,705f22cbd86ba40041442191cfabff47,9ad49ff8a09aa1e19238211ff2629aac,a56c0dea5c958f74a88b69840d6b3c3d,9e9c3a8d1b84258f622647dce7e268f9,084ab0d1170972947c92ae901f98b6ec,58b7e1346b741399a048d3a032a72002,2383aecac653eb271fca9de8637fc7f5,9041544f46b0f9e0c861c986e5eb563f,6f767735a4bb03e2dde41f2f81984b18,7882e0b46d58b78d70bee525b2404cb8,5cc8d8792c0074efa30bab193e894cd4,119fbe7447f2b8a4bb9708deed2c34fb,0c34b5dc5c2500e604d64e72b1ca8ed7,5b390301d76c5c95f5daa412234203b1,288a975e28e1fe0d9cb74c19e3b64e0f,72661d180ca59ca2cb509ec2082e3444,605adc5504fb08d17f408bf29231bda0,07e763bc0c7ba75e74499bf434897b93,149566ebf75c0fd85bf05d4d606bb7e5,31548dfbf3b9ca570224047bfe5ee488,033c9db19f4046ee16de3b46ca93d018,f6981606398d069ca744323a7ad0a930,4580445d40923410547b6d2b081afbea,a31ff67bb89565c3b51cfd2515d4c7be,461eafbe71ce986a610eb620bd45fa05,3001d259f201972106029780c96db4cf,416fb1a88f1705bb8a4557e412b60dc1,41f132358455d0f99b45487adc377fe8,06b456c04c97ec1590478e00075811fa,796ffd1e3cf12d51f680f45214dc4510,c17650e5017646ad8d61f6e2ed539634,3f1ae82ea3049ebd146fe83c74732b9a,f866443ba073a8e6c1389b7f0fc8d8bd,46abef163a89d173c91a6f541fe7da11,47403e5600a782bca793c7ed2e088cdc','测试管理员','guest'),(1,'a634cc19664a4f86577556784da60940,7afb566e83d3dca2d8a47c8cc29e7e36,ff2fa0336fe8fbc6a51c4707aa47c3e3,bfc0ef3829e8d84dfc8d31e5edc26d0f,a155574e57e9a8a0d0c6ecb1c511da68,fddc215a132fa97ca3c193f1cae5cf9f,52b7869014f743535798ba509432feb1,a2756c433a39a2319e61bcd68a758265,5341fd0c5de128ab7979a7414b2e586a,e537f9c0308cbfeb6ee40b4e4c344947,c2bc4d65c38311ab74b9dc39680d82df,efdb91a0f150375b423d8361d254241f,a3c8c3d444880bda2a553b8f3eb6695b,4141c0f8e6a977cd7048cd9d751af350,3045880458ee8b8734bf6b3307acd0d5,dbc10e6bbc54c0ea6f49e604839f5526,048c50d364a23dfcec0a87aa49e19eb8,c54e594684ebf2862c75ba29d83f71be,3345e3e48188396dc21242fb119ba6b1,2ebbbd65b4e2fc52a3ce44de2160e8d2,12fb6543af2e5541b0fc4f8fdd950be0,8d2159c1e0cf70473e66866eb026e80f,c166381208e23d3f4d65dec1231ccf76,3025704bb00b809798194964bccb8d3d,60decd16ccd83e013261697b7cc93bc6,7847598074d20e5abc220cb05a606213,afef320193ab13431e6b085c847b8094,9b4b25e0ea18183e9b085cc116246220,2e0115348725a3f383d8daa4354c7c3a,524c66aa98b226bd78bc7e7ad0423de7,66bfe11515e892dbf8bb4a5a92792e8b,50b03d671787f35800682c10c90a75bf,a1873764d0aa66fa9c6d34e16dcc86c2,0e69c6f28f25c24fe241da13093f9b12,6d119f7ae0c3c090ed51e672203c000f,7ff25ae6e8120b5ae5b5fb7b86a11641,53a396649c27c4e0dbd96fe57c2377e9,f59d0f67b7223a083e4449d583e90307,a41e16b61dd21e98c8143409d807890b,e44bd2f89f2820521a93c981c8af920d,f729102b0a0a547d20a4322e2d12cf71,7cf04cb70fa2f26d449acfb7974fd417,a7cd680c1676df4fdb93e7bdd83d6b3c,5f667ab7322f039e4e7e0ba8b04edf2f,6470d2304686b20640688c6d9dc44b46,df53f98d0b09ef3173cc8d594671fa6f,051071e245077a8126a4607e2148f327,224a58fde770d8718f7c06ac852fd9ae,0309718bf1a4785dcbf1e34461213c3e,d174c0a461db66945abcd861216dd94a,494b71b75af1e63c628544872f3c54d4,454f6e4ce4e57bd58eefda7d3fea1fa5,a87d77b65f6d1e8380b3d05290a994d0,430f99bc176c67ec705091d6a5da07d4,d230f6a24270b02237beb82a23e2742f,e5ba15d009798276692f84b4e0c9c1e9,026e09db119a340d72c2d5a611dfedb1,33a3ca4433131ad797eb4a7ff8bdb40b,87f64ed3bd52c1d6396fcb9908cb7fdf','管理员','root');
/*!40000 ALTER TABLE `ci_manager_group` ENABLE KEYS */;
UNLOCK TABLES;

--
-- Table structure for table `ci_manager_purview`
--

DROP TABLE IF EXISTS `ci_manager_purview`;
/*!40101 SET @saved_cs_client     = @@character_set_client */;
/*!40101 SET character_set_client = utf8 */;
CREATE TABLE `ci_manager_purview` (
  `id` int(4) NOT NULL AUTO_INCREMENT,
  `model` varchar(30) NOT NULL COMMENT '控制模型',
  `method` varchar(30) NOT NULL COMMENT '控制函数',
  `cid` varchar(30) DEFAULT NULL COMMENT 'column id 参数',
  `uri` varchar(64) NOT NULL COMMENT '权限地址md5(model/method)',
  `title` varchar(50) NOT NULL COMMENT '权限名称',
  `status` int(1) NOT NULL DEFAULT '0' COMMENT '是否使用权限',
  PRIMARY KEY (`id`)
) ENGINE=MyISAM AUTO_INCREMENT=945 DEFAULT CHARSET=utf8 COMMENT='用户组权限';
/*!40101 SET character_set_client = @saved_cs_client */;

--
-- Dumping data for table `ci_manager_purview`
--

LOCK TABLES `ci_manager_purview` WRITE;
/*!40000 ALTER TABLE `ci_manager_purview` DISABLE KEYS */;
INSERT INTO `ci_manager_purview` VALUES (313,'configs','index','','fddc215a132fa97ca3c193f1cae5cf9f','配置查看',1),(314,'configs','set','','a155574e57e9a8a0d0c6ecb1c511da68','配置修改',1),(315,'columns','index','','bfc0ef3829e8d84dfc8d31e5edc26d0f','栏目列表',1),(316,'columns','create','','ff2fa0336fe8fbc6a51c4707aa47c3e3','栏目添加',1),(317,'columns','edit','','7afb566e83d3dca2d8a47c8cc29e7e36','栏目修改',1),(318,'columns','delete','','4115dd2b6affc9e3626c695e398f335a','栏目删除',1),(319,'modules','index','','c54e594684ebf2862c75ba29d83f71be','模型查看',1),(320,'modules','create','','048c50d364a23dfcec0a87aa49e19eb8','模型添加',1),(321,'modules','edit','','dbc10e6bbc54c0ea6f49e604839f5526','模型修改',1),(322,'modules','delete','','bbff3957029793ef5163df61fbe018a5','删除模型',1),(323,'manager_purview','index','','4141c0f8e6a977cd7048cd9d751af350','权限管理',1),(324,'manager_purview','create','','a3c8c3d444880bda2a553b8f3eb6695b','权限添加',1),(325,'manager_purview','edit','','efdb91a0f150375b423d8361d254241f','权限修改',1),(326,'manager_purview','delete','','35845fea21044129353364ba21f144a0','权限删除',1),(327,'manager_group','index','','e537f9c0308cbfeb6ee40b4e4c344947','用户组查看',1),(328,'manager_group','create','','5341fd0c5de128ab7979a7414b2e586a','用户组添加',1),(329,'manager_group','edit','','a2756c433a39a2319e61bcd68a758265','用户组修改',1),(330,'manager_group','delete','','7d5101dc315695e13463ffdf708b5865','用户组删除',1),(334,'upload','uploado','','3345e3e48188396dc21242fb119ba6b1','上传',0),(475,'links','index','12','47403e5600a782bca793c7ed2e088cdc','查看',0),(476,'links','create','12','46abef163a89d173c91a6f541fe7da11','创建',1),(477,'links','edit','12','f866443ba073a8e6c1389b7f0fc8d8bd','编辑',1),(478,'links','delete','12','3f1ae82ea3049ebd146fe83c74732b9a','删除',1),(479,'links','audit','12','c17650e5017646ad8d61f6e2ed539634','审核',1),(480,'gallery','index','11','796ffd1e3cf12d51f680f45214dc4510','查看',0),(481,'gallery','create','11','06b456c04c97ec1590478e00075811fa','创建',1),(482,'gallery','edit','11','41f132358455d0f99b45487adc377fe8','编辑',1),(483,'gallery','delete','11','416fb1a88f1705bb8a4557e412b60dc1','删除',1),(484,'gallery','audit','11','3001d259f201972106029780c96db4cf','审核',1),(485,'recruit','index','10','461eafbe71ce986a610eb620bd45fa05','查看',0),(486,'recruit','create','10','a31ff67bb89565c3b51cfd2515d4c7be','创建',1),(487,'recruit','edit','10','4580445d40923410547b6d2b081afbea','编辑',1),(488,'recruit','delete','10','f6981606398d069ca744323a7ad0a930','删除',1),(489,'recruit','audit','10','033c9db19f4046ee16de3b46ca93d018','审核',1),(490,'product','index','9','31548dfbf3b9ca570224047bfe5ee488','查看',0),(491,'product','create','9','149566ebf75c0fd85bf05d4d606bb7e5','创建',1),(492,'product','edit','9','07e763bc0c7ba75e74499bf434897b93','编辑',1),(493,'product','delete','9','605adc5504fb08d17f408bf29231bda0','删除',1),(494,'product','audit','9','72661d180ca59ca2cb509ec2082e3444','审核',1),(495,'article','index','8','288a975e28e1fe0d9cb74c19e3b64e0f','查看',0),(496,'article','create','8','5b390301d76c5c95f5daa412234203b1','创建',1),(497,'article','edit','8','0c34b5dc5c2500e604d64e72b1ca8ed7','编辑',1),(498,'article','delete','8','119fbe7447f2b8a4bb9708deed2c34fb','删除',1),(499,'article','audit','8','5cc8d8792c0074efa30bab193e894cd4','审核',1),(500,'page','index','7','7882e0b46d58b78d70bee525b2404cb8','查看',0),(501,'page','create','7','6f767735a4bb03e2dde41f2f81984b18','创建',1),(502,'page','edit','7','9041544f46b0f9e0c861c986e5eb563f','编辑',1),(503,'page','delete','7','2383aecac653eb271fca9de8637fc7f5','删除',1),(504,'page','audit','7','58b7e1346b741399a048d3a032a72002','审核',1),(505,'dealer','index','6','084ab0d1170972947c92ae901f98b6ec','查看',0),(506,'dealer','create','6','9e9c3a8d1b84258f622647dce7e268f9','创建',1),(507,'dealer','edit','6','a56c0dea5c958f74a88b69840d6b3c3d','编辑',1),(508,'dealer','delete','6','9ad49ff8a09aa1e19238211ff2629aac','删除',1),(509,'dealer','audit','6','705f22cbd86ba40041442191cfabff47','审核',1),(510,'download','index','5','9bb626496f5cae83b00ffb481552432b','查看',0),(511,'download','create','5','6917a6f69a3b783d8b2cc9a15f93e0c7','创建',1),(512,'download','edit','5','e7d2a3d3c4112dc5845fb09e9ce70201','编辑',1),(513,'download','delete','5','15c1d3cc59e786989d3bb025b22bb059','删除',1),(514,'download','audit','5','0b044f0efa50f5d997e64dc511d3153d','审核',1),(515,'honor','index','4','229ceb68059d9d878fd635aa22afa6f7','查看',0),(516,'honor','create','4','34dfc17876c55eb53e8851438b7eefea','创建',1),(517,'honor','edit','4','9b1481c45390195bbc93617657f26aa0','编辑',1),(518,'honor','delete','4','89fde7c17a019a877557924256dbed9d','删除',1),(519,'honor','audit','4','473697975e44f6fe35c50508a46eea70','审核',1),(520,'banners','index','3','92c6849f707eeb59b63e8ae9d142ab5c','查看',0),(521,'banners','create','3','86a69d1e6fd165d5e5d68a78d8ba620e','创建',1),(522,'banners','edit','3','ff5661ddcf33bab40779b62dd0650519','编辑',1),(523,'banners','delete','3','e365835bb5497e8ecf9ce3e18c81d98b','删除',1),(524,'banners','audit','3','b5203f7798cc1d9a3db648385cf92f6f','审核',1),(525,'infos','index','2','246ef4ba4849e248bc2b4aa8a25c77a5','查看',0),(526,'infos','create','2','bf2578f224f9e3097c5e47592ca6f9eb','创建',1),(527,'infos','edit','2','10722981017d6155f9ae2fb1da613169','编辑',1),(528,'infos','delete','2','690c2a41b4cad051baa6666408bc1bd4','删除',1),(529,'infos','audit','2','c1799ca1ca659969ec9a0c8dc3a0883b','审核',1),(530,'videos','index','1','dbc863e8a21931db8c1d01bc3db3243a','查看',0),(531,'videos','create','1','5afe031774d80619f5274fa8468c75ed','创建',1),(532,'videos','edit','1','83b8b31e64c2f941330581de0015f701','编辑',1),(533,'videos','delete','1','8402f762da81b63635478f2d63f2fdb0','删除',1),(534,'videos','audit','1','c867ca63fa6504097128acd1ec81cc1a','审核',1),(535,'irregular','index','13','e9b1068435512c9818927811ebc97066','查看',0),(536,'irregular','create','13','236d0f81f5fe0584f3122f44f4d41811','创建',1),(537,'irregular','edit','13','1623d76f346676f7923301dfd04a0326','编辑',1),(538,'irregular','delete','13','365baab58e103a304f6c07a36b912a6e','删除',1),(539,'irregular','audit','13','93ca83a8ca8676a71a1603a81e8d6298','审核',1),(540,'pageirregular','index','1','0527387340af5e226067100ca08f4040','查看',0),(541,'pageirregular','create','1','330020b245a16198a3a40f06fce03a25','创建',1),(542,'pageirregular','edit','1','09a5d059d02a68bfa0a5552b8eb6e72c','编辑',1),(543,'pageirregular','delete','1','de1d2467525fb86cf6a1019aded4df45','删除',1),(544,'pageirregular','audit','1','9948f2fc0e1d4e784ed50a7735a197ac','审核',1),(545,'pageirregular','index','2','66dc0e1fcfd11b15e4209da4703a5f77','查看',0),(546,'pageirregular','create','2','5f3c2ed829f469e346d1f5d6dd9c404e','创建',1),(547,'pageirregular','edit','2','747bb0b7f0429e5c1906915abfcfc5db','编辑',1),(548,'pageirregular','delete','2','8e3e2020dbb7ea0372ee04a15317bdd4','删除',1),(549,'pageirregular','audit','2','6f18d1f54a8a6d54c4d8bc889c37fd9c','审核',1),(550,'pageirregular','index','3','fd6ffe7173e87b77d51dc2b6f64dc192','查看',0),(551,'pageirregular','create','3','3d579849d846bcf5dcd8d3ef53d13676','创建',1),(552,'pageirregular','edit','3','720d03e334a96700bd2f2a1ed0f25e51','编辑',1),(553,'pageirregular','delete','3','1fa969022c8d08d292e58cbc3bba8af5','删除',1),(554,'pageirregular','audit','3','22630a7d7a0b34cf9f31413eb14b605e','审核',1),(555,'pageirregular','index','4','9cb4c631ce992666ed005e1206b00748','查看',0),(556,'pageirregular','create','4','563ef337dfdc6116d825b0c685f7f54b','创建',1),(557,'pageirregular','edit','4','385cb1de2f30263492c24bb7d6fe5588','编辑',1),(558,'pageirregular','delete','4','9b7eee6624f030190ef67fd5f1c3c90d','删除',1),(559,'pageirregular','audit','4','4630154bdc6a0ef61bd576947fb342dc','审核',1),(560,'pageirregular','index','5','c18e9713463426ef2920c4e9dbaa2bdb','查看',0),(561,'pageirregular','create','5','190ceafb0b43a45a1c9796b9e191946a','创建',1),(562,'pageirregular','edit','5','0eeaf24bd00adb8435e44438a0ae555f','编辑',1),(563,'pageirregular','delete','5','1236bed6e525db89b05682f847dc3ac7','删除',1),(564,'pageirregular','audit','5','4dfc2e35a75a4f90bdfa53cb5a76ccd2','审核',1),(565,'pageirregular','index','6','83389eaeee2f670b83f7e3dfb8235887','查看',0),(566,'pageirregular','create','6','14554d48bc1807fd4953e2640cf124a1','创建',1),(567,'pageirregular','edit','6','381a4d407635349a1c6b384386ac875e','编辑',1),(568,'pageirregular','delete','6','65964b0bb4b62ee9a5d1386bb38745ed','删除',1),(569,'pageirregular','audit','6','3348cc730a9abb753c7e100252be1062','审核',1),(570,'page','index','7','7882e0b46d58b78d70bee525b2404cb8','查看',0),(571,'page','create','7','6f767735a4bb03e2dde41f2f81984b18','创建',1),(572,'page','edit','7','9041544f46b0f9e0c861c986e5eb563f','编辑',1),(573,'page','delete','7','2383aecac653eb271fca9de8637fc7f5','删除',1),(574,'page','audit','7','58b7e1346b741399a048d3a032a72002','审核',1),(575,'gallery','index','8','b47a58d6a5d25707d612a894d2bfb8a5','查看',0),(576,'gallery','create','8','0a5ac709eb6e2b4e4282bdbe4689b669','创建',1),(577,'gallery','edit','8','94af11ecf60c6a4ec835d75be4268277','编辑',1),(578,'gallery','delete','8','e2aafa0045a68efbb5680da42adcd904','删除',1),(579,'gallery','audit','8','eed0ceec10ae281f49779fdd858dbf93','审核',1),(580,'page','index','9','990e41112666107e73a78d12837a0784','查看',0),(581,'page','create','9','e9bb9f5f467c9c6cad391d01846816b6','创建',1),(582,'page','edit','9','943b4eeee1342f15ba8b248cba2107a9','编辑',1),(583,'page','delete','9','cc36a50d311c388686523c2241b1dcc3','删除',1),(584,'page','audit','9','61263b76b3524fc43f743f2213ef7c1a','审核',1),(585,'lists','index','10','26392a2cd5f0c1a24217a54a6d8e9ba0','查看',0),(586,'lists','create','10','c1cd23dd7634d27f2e26c68c95ce08eb','创建',1),(587,'lists','edit','10','5464714152658f396fddfdbc271eb365','编辑',1),(588,'lists','delete','10','9041aacc070f11aa6cef5e82c26648f8','删除',1),(589,'lists','audit','10','4b17e2ae1f64a2a510155f3e6285a810','审核',1),(590,'banners','index','11','518ee68de072f2d787ffbcd4e6c4e9ce','查看',0),(591,'banners','create','11','fcf04ae12a681bd5902691d683abde78','创建',1),(592,'banners','edit','11','9be3d7057b33a7c1c19589a338ef0e21','编辑',1),(593,'banners','delete','11','f7a8c723359fcc3d734878ee2e38cf15','删除',1),(594,'banners','audit','11','6ab7a15be716e57939a67b9c9729f7c7','审核',1),(595,'banners','index','12','519e166cf2b53ec86c58e052141e16b5','查看',0),(596,'banners','create','12','aa320ce1a727c4579ead7468487bb952','创建',1),(597,'banners','edit','12','2700470d24a12ff6a63b1e4c5012770d','编辑',1),(598,'banners','delete','12','36d25f32ea46a31a04e1bc4fe80dafd1','删除',1),(599,'banners','audit','12','de5af5c3f19194c0523f78b745582791','审核',1),(600,'banners','index','13','26f47df1d975379e2076fc0cdd1c178f','查看',0),(601,'banners','create','13','38c9289425565e24f1596da16a098d93','创建',1),(602,'banners','edit','13','997dd361795c92a374da45c6e48e8792','编辑',1),(603,'banners','delete','13','5f6c731706c1d70d8ebf2a4efd7efb31','删除',1),(604,'banners','audit','13','1940302937941e858e659a6b38685cee','审核',1),(605,'banners','index','14','8d8766421c83babcd2d4ed613b62b750','查看',0),(606,'banners','create','14','b84ac8f34dd39f3cd1450e0620a88dd7','创建',1),(607,'banners','edit','14','ca41fcf5530c590b1a2509efa9dc4948','编辑',1),(608,'banners','delete','14','55bfa3b0b97feb0a0e995d2e729e86d2','删除',1),(609,'banners','audit','14','43a83d17db4b4864c851c02021da0da0','审核',1),(610,'banners','index','15','213ee54a7ed5583306cc980f72295085','查看',0),(611,'banners','create','15','a51ac77519c117a32c1d12d647f87df5','创建',1),(612,'banners','edit','15','39d4c7aa6a98a99587664686f12e7de7','编辑',1),(613,'banners','delete','15','d64d7e40cebcd7fae0eb0f0945621f9d','删除',1),(614,'banners','audit','15','eaa567996287d0d038399d352ebb82a8','审核',1),(615,'banners','index','16','c4f166932e9646eca5bd841d1185e23b','查看',0),(616,'banners','create','16','431072060bbc9c28c2d0e5b434ac955b','创建',1),(617,'banners','edit','16','a8198e71eb2f07f069a2d391fc1c0976','编辑',1),(618,'banners','delete','16','41936a32be12300e057120f8850650a4','删除',1),(619,'banners','audit','16','3de585a0e7b1f9f5b2033ca92bdbcdd1','审核',1),(620,'links','index','17','6e6c11dc732ff4711566b97eaa9c6e64','查看',0),(621,'links','create','17','7d63f3b3f60ee3e2d16bbac817784fb4','创建',1),(622,'links','edit','17','e0079c7ab3c99be4b50de38cff5cfa14','编辑',1),(623,'links','delete','17','63449da0401e5d51d5eea03f2e7dc432','删除',1),(624,'links','audit','17','d053d343d063c0dcedfa777f33030921','审核',1),(625,'page','index','18','b7aa8995206113f9b96851d4bf77c590','查看',0),(626,'page','create','18','a9ea1077d0b777b6c59d37c74b999017','创建',1),(627,'page','edit','18','df0c01a2b505838a0a170ada1a1633ad','编辑',1),(628,'page','delete','18','a618d831f881c3c9920d0d0691fca1fd','删除',1),(629,'page','audit','18','9ebd27116761e8ac27ff910cb8f1ebff','审核',1),(630,'gallery','index','19','0b766f592d374c662dcf596d51d4782a','查看',0),(631,'gallery','create','19','43f6d5fae2338e7650a603ecc6fbeb46','创建',1),(632,'gallery','edit','19','43a8d1f089707d33aa2801028e1b28d5','编辑',1),(633,'gallery','delete','19','d0fbd147f1d19cc605ee00d442069e8c','删除',1),(634,'gallery','audit','19','6f28853677384f39451361b9755057cb','审核',1),(635,'gallery','index','20','e6cdaaa094aa740f40cf702cf608e28a','查看',0),(636,'gallery','create','20','290d4252b15f036269a0a2d7e04a58f5','创建',1),(637,'gallery','edit','20','c9aa8cd4dcf0075791c1436e4600f117','编辑',1),(638,'gallery','delete','20','d265b74d2dc3cf74cb73ec9ee0188115','删除',1),(639,'gallery','audit','20','54ec7e8661fbaa49da24a30a96ab5820','审核',1),(640,'pageirregular','index','21','215b47c8d3540df4dfd78bc20876089d','查看',0),(641,'pageirregular','create','21','7c54670964d85ee252353ad81dcbf4ce','创建',1),(642,'pageirregular','edit','21','b5586898acab1cf9423f7cbd47c04595','编辑',1),(643,'pageirregular','delete','21','a0815dc6760dbb79c1a0bc9700f22c61','删除',1),(644,'pageirregular','audit','21','5cbd42f2aa65dc0dd5a39de8a8f4de8a','审核',1),(645,'pageirregular','index','22','d3fbbf122dbc5fdb53408dea143ea262','查看',0),(646,'pageirregular','create','22','48bc9b1468417bd1c719238f132e6ae7','创建',1),(647,'pageirregular','edit','22','0d93198ddbdd6d19f31c731a4f3195a7','编辑',1),(648,'pageirregular','delete','22','aed64dce2eb7b640ce7daec7b34832d5','删除',1),(649,'pageirregular','audit','22','4780f42f482c35dd029e4142ae7caae5','审核',1),(650,'pageirregular','index','23','a5acb59f21a5bef2a034d0d2551ec1dd','查看',0),(651,'pageirregular','create','23','1402c75e9d013c3f192d6036f693ee39','创建',1),(652,'pageirregular','edit','23','777772357797099a21842769c6f53702','编辑',1),(653,'pageirregular','delete','23','16a12d2056839d3afe7d0fe10dcb1556','删除',1),(654,'pageirregular','audit','23','d71a49a43efcf376df2cb606a6d201d1','审核',1),(655,'pageirregular','index','24','5be5ccd642a51a95ad1743771639801f','查看',0),(656,'pageirregular','create','24','c47eb21ee25eeaee75a9bc3563594d78','创建',1),(657,'pageirregular','edit','24','1ac385086c30064b735f42465fae2f2a','编辑',1),(658,'pageirregular','delete','24','a5529ae7813d48f11e4bdb1ff93114e3','删除',1),(659,'pageirregular','audit','24','b2b5f3c57b13f08d8e0bc80b976bab98','审核',1),(660,'page','index','25','572c2b012731079c6dd52ef2aeda21c2','查看',0),(661,'page','create','25','2553f73a031d56c054b65ebda5e2e109','创建',1),(662,'page','edit','25','e62503bd66ab0424aeb484f3478e297b','编辑',1),(663,'page','delete','25','199f745f65ed815f77bb7857583d442a','删除',1),(664,'page','audit','25','a69d2941fa1418b5e3f18e9462f8306e','审核',1),(665,'infos','index','26','dc6dc5d7070aa620dba18c2ff6fb1f04','查看',0),(666,'infos','create','26','a5853d261efb2a33a1a90dbe383259a1','创建',1),(667,'infos','edit','26','7754dfe5945979defdb5f966f0d80071','编辑',1),(668,'infos','delete','26','1fe1cf0c361fdbb80cdab497839d48a8','删除',1),(669,'infos','audit','26','513df19f67dd0cfbd185ff4f1ca7c54f','审核',1),(670,'page','index','27','2306012ac7f9d26755a91b6eb1538d62','查看',0),(671,'page','create','27','186809ea86d6b21d3a02b86a8c1a6b89','创建',1),(672,'page','edit','27','03ac7ee245cfa7aa6ba4f3e4ab30d178','编辑',1),(673,'page','delete','27','d2f87b22eccf2509a9d835f0bb5f0b22','删除',1),(674,'page','audit','27','03625f75a49d05890eeb151644b63a56','审核',1),(675,'infos','index','28','cfc73c96b7f8803601d09e836fddadd2','查看',0),(676,'infos','create','28','62e9c6b0b88e59e8ade70a16cdea6dc9','创建',1),(677,'infos','edit','28','b6ac034514a3ab2213458d0e3f15c11b','编辑',1),(678,'infos','delete','28','32c76d0b0da5fe5f7c88fffb47e6121c','删除',1),(679,'infos','audit','28','46efed480287e3f84bbdcd3b30aa81da','审核',1),(680,'page','index','29','05a7b1a9c2cd26861b8a87aafb000d8c','查看',0),(681,'page','create','29','017c1d6fae3be3a95a26f99a9b5c7a88','创建',1),(682,'page','edit','29','73fe92a083eab23335362e5fdc0879f3','编辑',1),(683,'page','delete','29','eae953d32c1420712ec8f08228474c6e','删除',1),(684,'page','audit','29','c3974e7ef3e4641be2048448719a86c7','审核',1),(685,'page','index','30','e0fd975319c874c5f02f802b3201949b','查看',0),(686,'page','create','30','29d0934ab8155adbbd6b94df4bac3ea5','创建',1),(687,'page','edit','30','7c6f9430eb960f52be2eb420645bdcc1','编辑',1),(688,'page','delete','30','16bacb294eeaa66b0e326abd2fdb7910','删除',1),(689,'page','audit','30','a6ee4e3e7f6e8f858b3ad8b34071bbb8','审核',1),(690,'infos','index','31','05c1ff803afe636fb993374aa8412336','查看',0),(691,'infos','create','31','6fb9c02218f8ef5d046133a14798dcbf','创建',1),(692,'infos','edit','31','78976a50d899d2666bf6cb0fa4788477','编辑',1),(693,'infos','delete','31','70335f53cc450372cc1aa34e96a79929','删除',1),(694,'infos','audit','31','b98cdb867e886d2282a46eae39b94746','审核',1),(695,'page','index','32','3dee839e4c32f0d926823a50e7f5dc22','查看',0),(696,'page','create','32','e539ddd1769bbd0a212275353b11cd78','创建',1),(697,'page','edit','32','7e08efc1106244abe505a6d1b27662be','编辑',1),(698,'page','delete','32','0d5216f77d2caba37b983a3c103ac3ef','删除',1),(699,'page','audit','32','a5aac2448a15b0be86c0ebe402694c4d','审核',1),(700,'page','index','33','6659e411bab6cd5cd42f896e468cc180','查看',0),(701,'page','create','33','c55f5848a7d1f5c98e14453504a10815','创建',1),(702,'page','edit','33','08adf7fe2e452f3321770215b9e2417e','编辑',1),(703,'page','delete','33','65fc72d8f9a6854ec53fa53ca58b085d','删除',1),(704,'page','audit','33','c0bb5a4aa6971529c267e51694fc3ec3','审核',1),(705,'infos','index','34','9e49cddfa76cf8f1df7e78b418809893','查看',0),(706,'infos','create','34','e9cfb3716339b9e8a041b3a7407419c7','创建',1),(707,'infos','edit','34','b3838142d37c7bb1fd0261e1a2b0b39e','编辑',1),(708,'infos','delete','34','dad9cb09d709f9ce3865050d9bba1797','删除',1),(709,'infos','audit','34','d77a7f31845d83bfbb35d45b3fc25c62','审核',1),(710,'page','index','35','c44b4f7565d1eecc1cd7a8bbd8966154','查看',0),(711,'page','create','35','d6ff0334b8b8c5614cf82e26fd8e6957','创建',1),(712,'page','edit','35','c6116c9d404655772f4340d20569796b','编辑',1),(713,'page','delete','35','2a50246781f025c741b6b4dc74f46d76','删除',1),(714,'page','audit','35','54a62fdd2c32024a35b82776f959f396','审核',1),(715,'page','index','36','a35b5fcff88ea7561f8a447daddb9270','查看',0),(716,'page','create','36','aca659045e9995bb283f5a6113a6cdff','创建',1),(717,'page','edit','36','b73bd461a9be23a18097a9b4e3a543bb','编辑',1),(718,'page','delete','36','2691a75c1a5c8b434fda6ea65cd1af6d','删除',1),(719,'page','audit','36','a02c039ab524ede366216fb67ef0479d','审核',1),(720,'gallery','index','37','d7ed46bc5c69a5550b78e647c9ba01af','查看',0),(721,'gallery','create','37','af238ff97f4cc48c718acb1bb7a2d76a','创建',1),(722,'gallery','edit','37','d237fbd01ab76ec74b333456e4539e7d','编辑',1),(723,'gallery','delete','37','577bfbec0661d846a630024fd6318991','删除',1),(724,'gallery','audit','37','3e51b6da40d31690c4ece871dcd9fb9d','审核',1),(725,'page','index','38','87f64ed3bd52c1d6396fcb9908cb7fdf','查看',0),(726,'page','create','38','33a3ca4433131ad797eb4a7ff8bdb40b','创建',1),(727,'page','edit','38','026e09db119a340d72c2d5a611dfedb1','编辑',1),(728,'page','delete','38','e5ba15d009798276692f84b4e0c9c1e9','删除',1),(729,'page','audit','38','f6f5a3cb2b62298a4c108b23123575fb','审核',1),(730,'infos','index','39','d2389e47bde5d3ecb41b33d5f6ef7109','查看',0),(731,'infos','create','39','14806e4398fab9e347d08503c098bfea','创建',1),(732,'infos','edit','39','f955dbab58584a1bfe73f2b482211368','编辑',1),(733,'infos','delete','39','5fad9f26537aee753871410936cc0058','删除',1),(734,'infos','audit','39','ab4bebb15e20ae29b9ce756b17c39105','审核',1),(735,'page','index','40','892029312e24851d9fdf17ac877451fb','查看',0),(736,'page','create','40','cc33307639320469ac4016678e4fa151','创建',1),(737,'page','edit','40','584fb2a7e08c97af1a5bef2394152102','编辑',1),(738,'page','delete','40','4c96c0e9316c3a72a4583c641b295fff','删除',1),(739,'page','audit','40','9d82c0416d6c1254fff962a9a89d456e','审核',1),(740,'gallery','index','41','f452867dda97397d749fce3b01c85bab','查看',0),(741,'gallery','create','41','f56d80fd954f65f3831fb95bc54156eb','创建',1),(742,'gallery','edit','41','dafdd232503e2ac53b7bf77fc8e18161','编辑',1),(743,'gallery','delete','41','0d50b8e81fd0010bc3f4fde8fac6e282','删除',1),(744,'gallery','audit','41','e5b1b4723c51301be85ee0e81ac41454','审核',1),(745,'page','index','42','aed5083f7f12d4fa443095867fde1771','查看',0),(746,'page','create','42','fad0262d662100d46227cba414f716c0','创建',1),(747,'page','edit','42','ff4a14f5d15a1a037bd50d84799fd481','编辑',1),(748,'page','delete','42','2d4bca8093e095b0364cae94167fce7b','删除',1),(749,'page','audit','42','40b6f11dfea57638dc4d7d6c85843d04','审核',1),(750,'page','index','43','da5034892ba9b75782afe2ef71a4e729','查看',0),(751,'page','create','43','3234ecdab2d7df558ca401237273e85a','创建',1),(752,'page','edit','43','198797e0331a1d87899bb46314336f2d','编辑',1),(753,'page','delete','43','1582df6644060fda5c53eabdda89a69f','删除',1),(754,'page','audit','43','b1b2bd06b3194da0d4dc8b127f811d54','审核',1),(755,'infos','index','44','64a71ac0267d3296aff5c3bc6d8ef5d2','查看',0),(756,'infos','create','44','3c38adbd8d44244ce530a96f9c21fe97','创建',1),(757,'infos','edit','44','cb3177c72417b837e8d16ef1ac41e849','编辑',1),(758,'infos','delete','44','c547fe9dd3743061ea1cef2a65f13450','删除',1),(759,'infos','audit','44','5486bf70496b6cf239cf4490541bc007','审核',1),(760,'infos','index','45','ce92c4fd73f8beb8c381b529c80d8ade','查看',0),(761,'infos','create','45','c79a59ccda79825447f826a020a2089b','创建',1),(762,'infos','edit','45','cd1ddb69166dffb62c7307a14b39dfc3','编辑',1),(763,'infos','delete','45','41f8ad423776491398f92d4930db187d','删除',1),(764,'infos','audit','45','adda6747b353d8c3ee2cefe39fbf39a9','审核',1),(765,'page','index','46','59705f58d82d5c9a90c644cc715db63a','查看',0),(766,'page','create','46','a5840506f4faa09f7a87abcfa1ffa98d','创建',1),(767,'page','edit','46','36272ad4230b64651f4ad86724d8956c','编辑',1),(768,'page','delete','46','4189491b25e0c384ed29ff47fe9bc395','删除',1),(769,'page','audit','46','36aafa6b74c06f2e3635a410ac90bf73','审核',1),(770,'infos','index','47','766532044f0db578c274eaa5beeac4b4','查看',0),(771,'infos','create','47','5c0bf62de383536162446b57a0b98512','创建',1),(772,'infos','edit','47','d7358a57aa8764502664fb02a3e36a61','编辑',1),(773,'infos','delete','47','18844842496cd72e5a18969967777f32','删除',1),(774,'infos','audit','47','44a854e502a51abd2cc904b973e244c4','审核',1),(775,'article','index','48','a578139cc0a88012ecb26aaada838fae','查看',0),(776,'article','create','48','1241ed5cf7c44dabb45033e17db4071b','创建',1),(777,'article','edit','48','ad401a45810fc7c534c43c9138b73b48','编辑',1),(778,'article','delete','48','218955c6f7b0a6cc7be770f3ea7c10b3','删除',1),(779,'article','audit','48','e00e060e6e369861c638cd797e3f728c','审核',1),(780,'infos','index','49','218f623352f8f6f29d3f6160d95b869e','查看',0),(781,'infos','create','49','97b40fb9422200731f37653bc4259831','创建',1),(782,'infos','edit','49','edc46b10314513bc15662427be7b89ef','编辑',1),(783,'infos','delete','49','3cca677fb5c67c8e1b2f30e2ba1209cc','删除',1),(784,'infos','audit','49','da7e50e291ae7290b22147f50fbdcc4e','审核',1),(785,'article','index','50','d2898affced9396e71a643a7254c6eaf','查看',0),(786,'article','create','50','58c01adf52216471daf23b0d63278308','创建',1),(787,'article','edit','50','f15c310f6a93ffede9cf6ea004241ee0','编辑',1),(788,'article','delete','50','27d8f883fa019fa1578a43447ab7faaa','删除',1),(789,'article','audit','50','c55df04de599c07d112053ae0cf282c7','审核',1),(790,'page','index','51','75083b2ec5739d5ef12883bdf26dcaac','查看',0),(791,'page','create','51','2fd3bb2519259dcf126abdbfc57c0a3e','创建',1),(792,'page','edit','51','c88ffe5bed81a413181979dfbda0313b','编辑',1),(793,'page','delete','51','a07e3706fe9ed1133f575fb21d7c84d7','删除',1),(794,'page','audit','51','bfbdf566e22f7362207470d47b388f9a','审核',1),(795,'infos','index','52','bcd63c0db4e9b7433633a4444f017f3a','查看',0),(796,'infos','create','52','4bef4fe094ef29a876d01d049dfaf493','创建',1),(797,'infos','edit','52','feb7ec337891f0cac5123abc41ded1ea','编辑',1),(798,'infos','delete','52','b742efb045bf6211ee57c68c46c2b51d','删除',1),(799,'infos','audit','52','fe488f346e683ae652fcbdc5421ba72e','审核',1),(800,'infos','index','53','69d228560fc2582507816af38a4292a7','查看',0),(801,'infos','create','53','9e5128a5d81d75396981612df69d0adf','创建',1),(802,'infos','edit','53','8bf3224f589a704c35c98142731f12c5','编辑',1),(803,'infos','delete','53','41f953835472a06b45d0e2ea6f042f51','删除',1),(804,'infos','audit','53','6c5044dc901022ded97ce4e657bca5ce','审核',1),(805,'recruit','index','54','76975ac12e66b786121f12ae26a900fa','查看',0),(806,'recruit','create','54','ec09d64ed7f90288d4228cfec5dc87e6','创建',1),(807,'recruit','edit','54','854ad972cf17bf9be07231ae197515ca','编辑',1),(808,'recruit','delete','54','735cbdeeda40d880052419dc11b47079','删除',1),(809,'recruit','audit','54','f60b163972c83bbc9be095f4c7a298b7','审核',1),(810,'page','index','55','ccad08b8f3eb6843d5bc27915df231b8','查看',0),(811,'page','create','55','2be9ebb073e9dfb32b30b7218a2ffde9','创建',1),(812,'page','edit','55','7ca38219b75debe1a6f8de34eb848703','编辑',1),(813,'page','delete','55','ccd58779aa160dbcf9945e8a3cb0dde7','删除',1),(814,'page','audit','55','fd14480024cc055cb7b9251ef303c489','审核',1),(815,'page','index','56','bf8d7118db7efb9ade80e04c425e2acb','查看',0),(816,'page','create','56','754e6ba4c14508dc3a42e1bb9d55f912','创建',1),(817,'page','edit','56','6b67eda207aa411a405ea3bca5f00bbb','编辑',1),(818,'page','delete','56','7e4579a79c0e582b03b80ae090e858d6','删除',1),(819,'page','audit','56','b8de0360819e064db6c9027b3fceb2dd','审核',1),(820,'infos','index','57','55b1a6714f0db98ce19f51f3e0654a6a','查看',0),(821,'infos','create','57','7e7c0f8249997f07f56e3703e9aaa8cf','创建',1),(822,'infos','edit','57','e38da370b2ad8b0519e7e23527f9a5bb','编辑',1),(823,'infos','delete','57','f930b78307f72b11d63b471fd8e0b5c3','删除',1),(824,'infos','audit','57','369c44fd9156a5e17234db44e05be416','审核',1),(825,'article','index','58','efc904311f067b6f96907a06b78c5784','查看',0),(826,'article','create','58','26b39deaf978d14aa4ef9175f60e2f7b','创建',1),(827,'article','edit','58','7da8aad056598397a155a505c424a3e9','编辑',1),(828,'article','delete','58','820255a3ac5d68e6c4315555dc69ae36','删除',1),(829,'article','audit','58','1260e385692e345842d0212fda5dfc2c','审核',1),(830,'pageirregular','index','59','9f5b1a31744842e24f9bff62fbba0e27','查看',0),(831,'pageirregular','create','59','55838d1c7ee9e613515ba756f81e7412','创建',1),(832,'pageirregular','edit','59','bd0a678724d44b596b5234f121e39a32','编辑',1),(833,'pageirregular','delete','59','c535ee1eafd523a04e0322684cc07b7b','删除',1),(834,'pageirregular','audit','59','0b9ca77eeea9ae898bdf9fad95fffad7','审核',1),(835,'product','index','60','24022a4c1bd31e86dfcbb2fcf30da7ca','查看',0),(836,'product','create','60','24f72d55fa851ccdf993472c643ce67b','创建',1),(837,'product','edit','60','168a6f5abc969ec7406245a1824d78b5','编辑',1),(838,'product','delete','60','eadd54789a9a44a3e6d5805e42ce3f4b','删除',1),(839,'product','audit','60','e39a9ce3c25b9b5324ca118fe7ac00f0','审核',1),(840,'product','index','61','cbbbbf1c929a5489c7ee12981aa89a41','查看',0),(841,'product','create','61','af72ff6769008de750ef2c8d5ef024dd','创建',1),(842,'product','edit','61','1bd7535e89184c39eca72ceb0c1f80e1','编辑',1),(843,'product','delete','61','23948d76e4626148e0d47d711a72fd2d','删除',1),(844,'product','audit','61','5ed2a47aac7ae9c56a106439b05bce4a','审核',1),(845,'product','index','62','42bb4c1716953198f7e851773d3fc230','查看',0),(846,'product','create','62','f1cfa1936a7289665f92c30044420d5b','创建',1),(847,'product','edit','62','04408b54e754373879a2d1933887f1f9','编辑',1),(848,'product','delete','62','7f1a2dc568638ee6185d23e5ccba9cad','删除',1),(849,'product','audit','62','c0f0a9089758cbb8eb826e68c5b6a720','审核',1),(850,'product','index','63','084ed364e2693cc1be4b6391e9050354','查看',0),(851,'product','create','63','8b9f1ae90a6f54d77475367e7048c4ab','创建',1),(852,'product','edit','63','e22f1a977e30be5db8ddde2ac2d2e0dc','编辑',1),(853,'product','delete','63','913593213c852e0ba75cab2b9cf70326','删除',1),(854,'product','audit','63','e6ce189c94ce758f393f2266177be50c','审核',1),(855,'banners','index','64','369c1929b24c914b18101e402bb8fa05','查看',0),(856,'banners','create','64','e1fdc2b66e08b786027ac334bee9f28f','创建',1),(857,'banners','edit','64','23d3e4d2e3f0509750f2ee38e6c68fdd','编辑',1),(858,'banners','delete','64','d53fdc944edb6368254a451d9a518330','删除',1),(859,'banners','audit','64','7ec56be41fb797163ae2b46c739290b7','审核',1),(860,'banners','index','65','277b69e885fc29b22bbcfa87b1feae83','查看',0),(861,'banners','create','65','398407ec88a61995fe15adde96d6b62a','创建',1),(862,'banners','edit','65','dc518fd7e1aab50067e629f94052a483','编辑',1),(863,'banners','delete','65','0352a1e5fdacc276194b7fe84f5cdac7','删除',1),(864,'banners','audit','65','adc8bedfbbed50e629af1d743fbf63a2','审核',1),(865,'banners','index','66','603995f4562c36a473181924e5c71255','查看',0),(866,'banners','create','66','89a0d129713191cd3e22a79ec1f1141e','创建',1),(867,'banners','edit','66','c1acde81461c8ac92926174210281a5e','编辑',1),(868,'banners','delete','66','9e8ca88aeb78a7888017452a767b83b3','删除',1),(869,'banners','audit','66','45f8d29a34a67d5e41ce06e0e792f60d','审核',1),(870,'links','index','67','9870b0bb3f153e892b144258c7a6681c','查看',0),(871,'links','create','67','d064d90ea22f7de342dbbbcb6c170edf','创建',1),(872,'links','edit','67','61e6ab62fb839520f839001cbdc79a70','编辑',1),(873,'links','delete','67','166bc8377d949bde6374566d05c1beaf','删除',1),(874,'links','audit','67','d0db8b5f7fb7953c7a48672e747e8555','审核',1),(875,'gallery','index','68','de7fd0f2c86514ba4285ffbbce0b9f22','查看',0),(876,'gallery','create','68','93ddce9c8a4a669cda558516191d3d3b','创建',1),(877,'gallery','edit','68','d297f3cc1db000776881e1f417784c47','编辑',1),(878,'gallery','delete','68','6ecade9906c366d5232e3869cff0f411','删除',1),(879,'gallery','audit','68','80a07695eb03799c766545a864ebcb75','审核',1),(880,'page','index','69','9a1e5f8606c34a1a5072693f0886237a','查看',0),(881,'page','create','69','62a5483b7cf0ba7e0836e0e97c9fc50d','创建',1),(882,'page','edit','69','9999179326085b94ce70d92d769d7a9c','编辑',1),(883,'page','delete','69','80bc21ea9f8d78b254be5e93b1064427','删除',1),(884,'page','audit','69','f0a143b03ea416e64dc1f0dd85b5dd7b','审核',1),(885,'pageirregular','index','1','0527387340af5e226067100ca08f4040','查看',0),(886,'pageirregular','create','1','330020b245a16198a3a40f06fce03a25','创建',1),(887,'pageirregular','edit','1','09a5d059d02a68bfa0a5552b8eb6e72c','编辑',1),(888,'pageirregular','delete','1','de1d2467525fb86cf6a1019aded4df45','删除',1),(889,'pageirregular','audit','1','9948f2fc0e1d4e784ed50a7735a197ac','审核',1),(890,'banners','index','2','03fa742b20ca9a1818f258300a08fd25','查看',0),(891,'banners','create','2','03181fd83195884a7d899eedeb3a764d','创建',1),(892,'banners','edit','2','1a59e3c074520f270a24f144a35cc164','编辑',1),(893,'banners','delete','2','f51b46b5f00ed83ca8b3158c37a74e52','删除',1),(894,'banners','audit','2','7e399494f15db9cceba335c6f0651eae','审核',1),(895,'infos','index','3','e017e9fce06c214afca15eeface1099b','查看',0),(896,'infos','create','3','c413af354ccffdc97ba122e62d3b05bd','创建',1),(897,'infos','edit','3','a40b5bae126152994b862042437ea726','编辑',1),(898,'infos','delete','3','d63998223e477347d0498bc3b0559f0a','删除',1),(899,'infos','audit','3','c4b28e7b860db45fee918aea809e5dda','审核',1),(900,'infos','index','4','3af846e13d4cfb09f5a55bdf4611081c','查看',0),(901,'infos','create','4','483815395347016a3ede6b23fa6c9631','创建',1),(902,'infos','edit','4','8e94a6576c5976efd77daa7a24beb026','编辑',1),(903,'infos','delete','4','e3c7677190f9f1a58f59cab47b6f9744','删除',1),(904,'infos','audit','4','45f5a7ef6279e0583789cced1a92ff16','审核',1),(905,'pageirregular','index','5','c18e9713463426ef2920c4e9dbaa2bdb','查看',0),(906,'pageirregular','create','5','190ceafb0b43a45a1c9796b9e191946a','创建',1),(907,'pageirregular','edit','5','0eeaf24bd00adb8435e44438a0ae555f','编辑',1),(908,'pageirregular','delete','5','1236bed6e525db89b05682f847dc3ac7','删除',1),(909,'pageirregular','audit','5','4dfc2e35a75a4f90bdfa53cb5a76ccd2','审核',1),(910,'page','index','6','33181661fd48e7188312c970742778f9','查看',0),(911,'page','create','6','d2982454f3a7346378e68debfd418fa1','创建',1),(912,'page','edit','6','ad74701ba151e59e2268082429c4b25d','编辑',1),(913,'page','delete','6','a540d6c5b3011ecb8560b81cee19f6c9','删除',1),(914,'page','audit','6','b83f163a799c04800e0a8d19f320fe02','审核',1),(915,'page','index','7','7882e0b46d58b78d70bee525b2404cb8','查看',0),(916,'page','create','7','6f767735a4bb03e2dde41f2f81984b18','创建',1),(917,'page','edit','7','9041544f46b0f9e0c861c986e5eb563f','编辑',1),(918,'page','delete','7','2383aecac653eb271fca9de8637fc7f5','删除',1),(919,'page','audit','7','58b7e1346b741399a048d3a032a72002','审核',1),(920,'infos','index','8','02bdff0ed84f5ebc423b40e63b0e5be1','查看',0),(921,'infos','create','8','bd3869e24708b2bcc2f3351547570abe','创建',1),(922,'infos','edit','8','2528a86c5e7ee53167ff7ec480a78e7b','编辑',1),(923,'infos','delete','8','591ff0090dbd2841ce4c91493e0d73c0','删除',1),(924,'infos','audit','8','52b0c44e96c2a9b8d940a0ec1c770c31','审核',1),(925,'infos','index','9','446ffd8369688fb35edf6bc2533a48f0','查看',0),(926,'infos','create','9','03d63d603ee03ddf07dde93c9932b58d','创建',1),(927,'infos','edit','9','ac4aef5b243b55a37651ec5c3647fba2','编辑',1),(928,'infos','delete','9','647d95b48cc653c6b084ee3e8859bd4c','删除',1),(929,'infos','audit','9','1ad54e135d5202fdf8b6c0976b24824e','审核',1),(930,'page','index','10','d0eb6ffd2561c10400febf6b383dae17','查看',0),(931,'page','create','10','f89cdef1ad929b19a743cffe96756938','创建',1),(932,'page','edit','10','5165d96b092fa61498b846392e4ae802','编辑',1),(933,'page','delete','10','1f9562e8cb812cac5d780190609f0038','删除',1),(934,'page','audit','10','d56ef64ab64be02ba1eef02bec6ec77a','审核',1),(935,'pageirregular','index','11','a7bdc0890384530f87db7404b3757e85','查看',0),(936,'pageirregular','create','11','50b49a282afddb9e5d2e75c92a205baf','创建',1),(937,'pageirregular','edit','11','57319448ec4f1f7df34d043dd0e83a43','编辑',1),(938,'pageirregular','delete','11','c57d1389189d2658911eaeba3f802666','删除',1),(939,'pageirregular','audit','11','d63ec4e7a5084aaaaf369d97846a7da2','审核',1),(940,'page','index','12','d768afab8dc24e2fa7d176b7b57aa067','查看',0),(941,'page','create','12','7a61194d033e0ce5d0945b140a853a94','创建',1),(942,'page','edit','12','5b3190d6c44ad2ba7300e4d545d735d3','编辑',1),(943,'page','delete','12','5d6865a87566f09147e1e6f3701b329c','删除',1),(944,'page','audit','12','f1a99c4fe4c84311e7d50d2969ff5434','审核',1);
/*!40000 ALTER TABLE `ci_manager_purview` ENABLE KEYS */;
UNLOCK TABLES;

--
-- Table structure for table `ci_modules`
--

DROP TABLE IF EXISTS `ci_modules`;
/*!40101 SET @saved_cs_client     = @@character_set_client */;
/*!40101 SET character_set_client = utf8 */;
CREATE TABLE `ci_modules` (
  `id` int(2) NOT NULL AUTO_INCREMENT COMMENT '模型标识',
  `sort_id` int(2) NOT NULL,
  `title` varchar(50) NOT NULL COMMENT '显示名称',
  `controller` varchar(50) NOT NULL COMMENT '控制器名称',
  PRIMARY KEY (`id`)
) ENGINE=MyISAM AUTO_INCREMENT=18 DEFAULT CHARSET=utf8 COMMENT='栏目模型';
/*!40101 SET character_set_client = @saved_cs_client */;

--
-- Dumping data for table `ci_modules`
--

LOCK TABLES `ci_modules` WRITE;
/*!40000 ALTER TABLE `ci_modules` DISABLE KEYS */;
INSERT INTO `ci_modules` VALUES (1,0,'链接','links'),(3,0,'文章','article'),(6,0,'清单','lists'),(7,3,'期刊','gallery'),(8,1,'单页','page'),(9,4,'产品','product'),(10,0,'招聘','recruit'),(11,5,'视频','videos'),(12,6,'信息','infos'),(13,7,'导航','banners'),(14,8,'荣誉','honor'),(15,9,'下载','download'),(16,10,'门店','dealer'),(17,11,'综合','pageirregular');
/*!40000 ALTER TABLE `ci_modules` ENABLE KEYS */;
UNLOCK TABLES;

--
-- Table structure for table `ci_msgs`
--

DROP TABLE IF EXISTS `ci_msgs`;
/*!40101 SET @saved_cs_client     = @@character_set_client */;
/*!40101 SET character_set_client = utf8 */;
CREATE TABLE `ci_msgs` (
  `id` int(11) NOT NULL AUTO_INCREMENT COMMENT '标识',
  `title` varchar(100) NOT NULL COMMENT '标题',
  `msg` tinytext COMMENT '提示消息',
  `level` int(1) DEFAULT '1' COMMENT '类型: 1notie 2info 3 success 4error',
  `timeline` int(11) NOT NULL COMMENT '时间',
  `markread` int(1) NOT NULL COMMENT '是否阅读',
  `notify` int(1) DEFAULT '0' COMMENT '是否提示过',
  `byer` int(6) NOT NULL DEFAULT '0' COMMENT '发送者 mid system is 0',
  `toer` int(6) NOT NULL COMMENT '接受者 mid',
  PRIMARY KEY (`id`)
) ENGINE=MyISAM DEFAULT CHARSET=utf8 COMMENT='消息提示';
/*!40101 SET character_set_client = @saved_cs_client */;

--
-- Dumping data for table `ci_msgs`
--

LOCK TABLES `ci_msgs` WRITE;
/*!40000 ALTER TABLE `ci_msgs` DISABLE KEYS */;
/*!40000 ALTER TABLE `ci_msgs` ENABLE KEYS */;
UNLOCK TABLES;

--
-- Table structure for table `ci_onlineservice`
--

DROP TABLE IF EXISTS `ci_onlineservice`;
/*!40101 SET @saved_cs_client     = @@character_set_client */;
/*!40101 SET character_set_client = utf8 */;
CREATE TABLE `ci_onlineservice` (
  `id` int(4) NOT NULL AUTO_INCREMENT,
  `cid` int(4) DEFAULT NULL COMMENT '栏目 id',
  `ccid` int(11) NOT NULL DEFAULT '0' COMMENT '栏目条目ID伪栏目',
  `sort_id` int(11) DEFAULT NULL COMMENT '排序编号',
  `audit` int(1) NOT NULL DEFAULT '0' COMMENT '0:1审核',
  `flag` int(1) NOT NULL DEFAULT '0' COMMENT '0:1推荐',
  `ctype` int(4) NOT NULL DEFAULT '0' COMMENT '默认分类',
  `title` varchar(200) DEFAULT NULL COMMENT '标题',
  `number` varchar(20) DEFAULT NULL,
  `content` text COMMENT '详细内容',
  `tip` tinytext COMMENT '鼠标悬停提示',
  `link` varchar(250) DEFAULT NULL COMMENT 'URL地址',
  `photo` tinytext COMMENT '图片',
  `thumb` tinytext COMMENT '缩略图',
  `show` int(1) DEFAULT '1' COMMENT '是否显示',
  `timeline` int(11) DEFAULT NULL COMMENT '发布时间',
  PRIMARY KEY (`id`)
) ENGINE=MyISAM AUTO_INCREMENT=6 DEFAULT CHARSET=utf8 COMMENT='在线客服';
/*!40101 SET character_set_client = @saved_cs_client */;

--
-- Dumping data for table `ci_onlineservice`
--

LOCK TABLES `ci_onlineservice` WRITE;
/*!40000 ALTER TABLE `ci_onlineservice` DISABLE KEYS */;
INSERT INTO `ci_onlineservice` VALUES (4,0,0,2,1,0,0,'业务咨询','',NULL,NULL,'http://wpa.b.qq.com/cgi/wpa.php?ln=1&key=XzkzODAyNTk2Nl8yOTI4MzhfNDAwODAwNTc5MF8yXw','','',1,1487649576),(3,0,0,1,1,0,0,'售后咨询','',NULL,NULL,'http://wpa.b.qq.com/cgi/wpa.php?ln=1&key=XzkzODAyNTk2Nl8yOTI4MzhfNDAwODAwNTc5MF8yXw','','',1,1487649559),(5,0,0,3,1,0,0,'在线咨询','',NULL,NULL,'http://wpa.b.qq.com/cgi/wpa.php?ln=1&key=XzkzODAyNTk2Nl8yOTI4MzhfNDAwODAwNTc5MF8yXw','','',1,1490335947);
/*!40000 ALTER TABLE `ci_onlineservice` ENABLE KEYS */;
UNLOCK TABLES;

--
-- Table structure for table `ci_order`
--

DROP TABLE IF EXISTS `ci_order`;
/*!40101 SET @saved_cs_client     = @@character_set_client */;
/*!40101 SET character_set_client = utf8 */;
CREATE TABLE `ci_order` (
  `id` int(11) NOT NULL AUTO_INCREMENT,
  `sort_id` int(11) DEFAULT NULL COMMENT '排序编号',
  `audit` int(1) NOT NULL DEFAULT '0' COMMENT '0:1审核',
  `type_id` int(11) DEFAULT NULL COMMENT '分类',
  `title` varchar(100) DEFAULT NULL COMMENT '标题',
  `content` text COMMENT '详细内容',
  `answer` text COMMENT '回答问题',
  `username` varchar(50) DEFAULT NULL COMMENT '用户名',
  `telphone` varchar(50) DEFAULT NULL COMMENT '电话',
  `fax` varchar(50) CHARACTER SET utf8 COLLATE utf8_estonian_ci DEFAULT NULL COMMENT '传真',
  `email` varchar(100) DEFAULT NULL COMMENT '邮箱',
  `address` varchar(100) DEFAULT NULL COMMENT '地址',
  `solve` int(1) DEFAULT '0' COMMENT '解决',
  `show` int(1) DEFAULT NULL COMMENT '是否显示',
  `timeline` int(11) DEFAULT NULL COMMENT '发布时间',
  `timeline_answer` int(11) DEFAULT NULL COMMENT '回复时间',
  `city` varchar(50) DEFAULT NULL COMMENT '城市',
  `date` int(11) DEFAULT NULL COMMENT '日期',
  `course` varchar(50) DEFAULT NULL COMMENT '课程',
  `course_id` int(11) DEFAULT NULL COMMENT '课程id',
  PRIMARY KEY (`id`)
) ENGINE=MyISAM AUTO_INCREMENT=7 DEFAULT CHARSET=utf8 COMMENT='反馈';
/*!40101 SET character_set_client = @saved_cs_client */;

--
-- Dumping data for table `ci_order`
--

LOCK TABLES `ci_order` WRITE;
/*!40000 ALTER TABLE `ci_order` DISABLE KEYS */;
INSERT INTO `ci_order` VALUES (1,1,0,49,NULL,NULL,NULL,'xiaoxiao','13213215465',NULL,NULL,NULL,0,NULL,1508747779,NULL,'1',1509292800,'孕期瑜伽',50),(2,2,0,49,NULL,NULL,NULL,'xiaobai','17858618546',NULL,NULL,NULL,0,NULL,1508747832,NULL,'1',1509033600,'孕期瑜伽',48),(3,3,0,57,NULL,NULL,NULL,'xiaohua','17858618546',NULL,NULL,NULL,0,NULL,1508747872,NULL,'1',1509033600,'月子餐品鉴会',46),(4,4,0,57,NULL,NULL,NULL,'huahua','13213215465',NULL,NULL,NULL,0,NULL,1508747909,NULL,'1',1509379200,'月子餐品鉴会',41),(5,5,0,57,NULL,NULL,NULL,'xiaoming','13213215465',NULL,NULL,NULL,0,NULL,1508747949,NULL,'1',1511971200,'月子餐品鉴会',41),(6,6,0,57,NULL,NULL,NULL,'xiaomei','13213215465',NULL,NULL,NULL,0,NULL,1508747990,NULL,'1',1511366400,'月子餐品鉴会',44);
/*!40000 ALTER TABLE `ci_order` ENABLE KEYS */;
UNLOCK TABLES;

--
-- Table structure for table `ci_page`
--

DROP TABLE IF EXISTS `ci_page`;
/*!40101 SET @saved_cs_client     = @@character_set_client */;
/*!40101 SET character_set_client = utf8 */;
CREATE TABLE `ci_page` (
  `id` int(11) NOT NULL AUTO_INCREMENT COMMENT '唯一编号',
  `cid` int(4) DEFAULT NULL COMMENT '栏目id',
  `ccid` int(11) DEFAULT '0' COMMENT '栏目条目ID伪栏目',
  `sort_id` int(11) DEFAULT '0' COMMENT '排序编号',
  `audit` int(1) DEFAULT '0' COMMENT '审核',
  `title` tinytext COMMENT '标题',
  `title_seo` tinytext,
  `intro` varchar(500) DEFAULT NULL COMMENT '简介(200汉字)',
  `tags` tinytext COMMENT '标签',
  `content` text COMMENT '内容',
  `photo` varchar(200) DEFAULT NULL COMMENT '图片组',
  `thumb` varchar(200) DEFAULT NULL COMMENT '缩略图',
  `template` varchar(200) DEFAULT NULL COMMENT '模板',
  `timeline` int(10) DEFAULT NULL COMMENT '发布/修改时间',
  `attachment` tinytext COMMENT '附件',
  `outline` text COMMENT '简介',
  `icon1` varchar(20) DEFAULT NULL COMMENT '图标1',
  `icon2` varchar(20) DEFAULT NULL COMMENT '图标2',
  `icon3` varchar(20) DEFAULT NULL COMMENT '图标3',
  `photo1` varchar(255) DEFAULT NULL COMMENT '图片1',
  `field1` varchar(255) DEFAULT NULL,
  `field2` varchar(255) DEFAULT NULL,
  `field3` varchar(255) DEFAULT NULL,
  `field4` varchar(255) NOT NULL,
  PRIMARY KEY (`id`)
) ENGINE=MyISAM AUTO_INCREMENT=7 DEFAULT CHARSET=utf8 COMMENT='单页表';
/*!40101 SET character_set_client = @saved_cs_client */;

--
-- Dumping data for table `ci_page`
--

LOCK TABLES `ci_page` WRITE;
/*!40000 ALTER TABLE `ci_page` DISABLE KEYS */;
INSERT INTO `ci_page` VALUES (1,4,0,1,0,'活动规则','母亲节--微信活动规则','','','<ul style=\"list-style-type: disc;\" class=\" list-paddingleft-2\"><li><p><strong>活动主题：</strong>2017和美一起爱 &nbsp;一城两院年终答谢会</p></li><li><p><strong>活动介绍：</strong>12月31日下午13:00，北京和美一城两院，将与您在京郊九华山庄，一起跨年迎新，一起嗨皮，一起爱！</p></li><li><p><strong>参与方式：</strong>通过比心助力游戏，获得心心数前100名和美会员，将获得和美年终答谢会邀请函。</p></li><li><p><strong>比心助力：</strong></p><p>1、和美会员和非会员都可参与，所有参与用户都可领取价值5千元参与奖；</p><p>2、在活动报名页填写您的“姓名+手机号”并勾选会员/非会员即可；</p><p>3、您可将活动页面分享至朋友圈，邀请朋友为您比心助力或参与活动，朋友也可领取参与奖哦；</p><p>4、您可收藏排名页，便于随时查看心心数和排名数；</p></li><li><p><strong>比心时间：</strong>2017年12月7日-22日</p></li><li><p><strong>助力规则：</strong>每天一个微信号只能给一个用户送1颗小心心</p></li><li><p><strong>活动奖品：</strong></p></li></ul><table data-sort=\"sortDisabled\" width=\"1016\" align=\"center\"><tbody><tr class=\"firstRow\"><td rowspan=\"4\" colspan=\"1\" width=\"48\" valign=\"middle\" align=\"center\">会员<br/></td><td rowspan=\"2\" width=\"148\" valign=\"middle\" align=\"center\">获得心心数第1-100名</td><td rowspan=\"1\" colspan=\"4\" width=\"148\" valign=\"middle\" align=\"left\">答谢会家庭套票：含（两大一小）九华山庄私汤温泉房住1晚+自助晚餐+新年早餐，价值1000元</td></tr><tr><td rowspan=\"1\" colspan=\"4\" width=\"148\" valign=\"middle\" align=\"left\">有品位2018全国旅游年卡2张，价值796元</td></tr><tr><td rowspan=\"2\" colspan=\"1\" width=\"148\" valign=\"middle\" align=\"center\">所有参与会员可领取</td><td rowspan=\"1\" colspan=\"4\" width=\"148\" valign=\"middle\" align=\"left\">价值4000元蕊丽私密养护代金券<span style=\"color: rgb(255, 0, 0);\"> (</span><span style=\"color: rgb(255, 0, 0);\">不可与其它活动累计使用)</span></td></tr><tr><td rowspan=\"1\" colspan=\"4\" width=\"148\" valign=\"middle\" align=\"left\">价值1000元产检分娩代金券</td></tr><tr><td rowspan=\"6\" colspan=\"1\" width=\"48\" valign=\"middle\" align=\"center\">非会员<br/></td><td width=\"148\" valign=\"middle\" align=\"center\">获得心心数第1-50名</td><td rowspan=\"1\" colspan=\"4\" width=\"148\" valign=\"middle\" align=\"left\">开心麻花门票1张，价值480元</td></tr><tr><td rowspan=\"5\" width=\"148\" valign=\"middle\" align=\"center\">所有参与非会员可领取</td><td rowspan=\"1\" colspan=\"4\" width=\"148\" valign=\"middle\" align=\"left\">价值1000元蕊丽私密养护代金券<span style=\"color: rgb(255, 0, 0);\">(</span><span style=\"color: rgb(255, 0, 0);\">不可与其它活动累计使用)</span></td></tr><tr><td colspan=\"4\" rowspan=\"1\" width=\"148\" valign=\"middle\" align=\"left\">价值1000元产检分娩代金券</td></tr><tr><td colspan=\"4\" rowspan=\"1\" width=\"148\" valign=\"middle\" align=\"left\">价值280元本院专家诊费券 (限首诊使用)</td></tr><tr><td colspan=\"4\" rowspan=\"1\" width=\"148\" valign=\"middle\" align=\"left\">价值1827元备孕检查券 (限首诊使用)</td></tr><tr><td colspan=\"4\" rowspan=\"1\" width=\"148\" valign=\"middle\" align=\"left\">价值1348元早孕检查券 (限首诊使用)</td></tr></tbody></table><ul style=\"list-style-type: disc;\" class=\" list-paddingleft-2\"><li><p><strong>答谢会现场奖品：</strong>和美还联合知名母婴商家，准备了超多实物大奖，爬爬赛礼、抽奖礼、直播大奖等等，绝对让你拿到手软~手软~</p></li></ul><p><br/></p><p style=\"text-align:center\"><img src=\"http://motherday.net/upload/at/image/20190117/1547707524993F.jpg\" title=\"1547707524993F.jpg\" alt=\"1547707524993F.jpg\" style=\"width: 1000px; height: 2380px;\" width=\"1000\" vspace=\"0\" height=\"2380\" border=\"0\"/></p><p><br/></p><p><br/></p><p><br/></p><p><br/></p>',NULL,NULL,NULL,1547706284,NULL,NULL,NULL,NULL,NULL,NULL,NULL,NULL,NULL,''),(2,6,0,2,0,'引导语','','','','<p>第一次看到验孕试纸2道杠，第一次听到宝宝咚咚的心跳，第一次与宝宝面对面，我想说~~~~<br/></p>',NULL,NULL,NULL,1547711416,NULL,NULL,NULL,NULL,NULL,NULL,NULL,NULL,NULL,''),(3,7,0,3,0,'信纸设置','','','',NULL,'6','2019/01/17/thumbnail/15477141403874acrif.jpg',NULL,1547713680,NULL,NULL,NULL,NULL,NULL,NULL,'马上点击右上角分享给更多的朋友，为你的美文加油助力！排名前100名，可获得___________大奖哦','领取价值XXX元参与奖',NULL,''),(4,10,0,4,0,'优惠券内容','','','','<span style=\"color: rgb(255, 0, 0);\">恭喜您，分享成功！</span><p>获得价值5000元代金券<br/>请选择您需要的代金券领取至微信卡包</p>',NULL,NULL,NULL,1547783488,NULL,'获得价值5000元代金券\r\n请选择您需要的代金券领取至微信卡包',NULL,NULL,NULL,NULL,'到院使用以上代金券时还可领取价值100元实物奖品 ','立即领取',NULL,''),(5,11,0,5,0,'微信设置','','','',NULL,NULL,NULL,NULL,1547892627,NULL,NULL,NULL,NULL,NULL,NULL,'wxf032666bd94fbd18','da46267d25c95dac73ed9a0b065d9c43',NULL,''),(6,12,0,6,0,'短信设置','','','',NULL,NULL,NULL,NULL,1548136469,NULL,NULL,NULL,NULL,NULL,NULL,'LTAIQiY62a8vRzd8','KbMp0di9T1ro215etwoPBdEoUde45D','Hibaby母婴健康中心','SMS_134323708');
/*!40000 ALTER TABLE `ci_page` ENABLE KEYS */;
UNLOCK TABLES;

--
-- Table structure for table `ci_pageirregular`
--

DROP TABLE IF EXISTS `ci_pageirregular`;
/*!40101 SET @saved_cs_client     = @@character_set_client */;
/*!40101 SET character_set_client = utf8 */;
CREATE TABLE `ci_pageirregular` (
  `id` int(11) NOT NULL AUTO_INCREMENT COMMENT '唯一编号',
  `cid` int(4) DEFAULT NULL COMMENT '栏目id',
  `ccid` int(11) DEFAULT '0' COMMENT '栏目条目ID伪栏目',
  `sort_id` int(11) DEFAULT '0' COMMENT '排序编号',
  `audit` int(1) DEFAULT '0' COMMENT '审核',
  `title` tinytext COMMENT '标题',
  `title_seo` tinytext,
  `intro` varchar(500) DEFAULT NULL COMMENT '简介(200汉字)',
  `tags` tinytext COMMENT '标签',
  `content` text COMMENT '内容',
  `photo` varchar(200) DEFAULT NULL COMMENT '图片组',
  `thumb` varchar(200) DEFAULT NULL COMMENT '缩略图',
  `template` varchar(200) DEFAULT NULL COMMENT '模板',
  `timeline` int(10) DEFAULT NULL COMMENT '发布/修改时间',
  `attachment` tinytext COMMENT '附件',
  `tagtitle` varchar(200) DEFAULT NULL,
  `entitle` varchar(200) DEFAULT NULL,
  `tagintro` varchar(200) DEFAULT NULL,
  `url` varchar(240) DEFAULT NULL,
  PRIMARY KEY (`id`)
) ENGINE=MyISAM AUTO_INCREMENT=2 DEFAULT CHARSET=utf8 COMMENT='不规则单页表';
/*!40101 SET character_set_client = @saved_cs_client */;

--
-- Dumping data for table `ci_pageirregular`
--

LOCK TABLES `ci_pageirregular` WRITE;
/*!40000 ALTER TABLE `ci_pageirregular` DISABLE KEYS */;
INSERT INTO `ci_pageirregular` VALUES (1,1,0,1,0,NULL,NULL,NULL,NULL,NULL,NULL,NULL,NULL,1547623827,NULL,NULL,NULL,NULL,NULL);
/*!40000 ALTER TABLE `ci_pageirregular` ENABLE KEYS */;
UNLOCK TABLES;

--
-- Table structure for table `ci_phone_code`
--

DROP TABLE IF EXISTS `ci_phone_code`;
/*!40101 SET @saved_cs_client     = @@character_set_client */;
/*!40101 SET character_set_client = utf8 */;
CREATE TABLE `ci_phone_code` (
  `id` int(16) NOT NULL AUTO_INCREMENT,
  `openid` varchar(100) NOT NULL,
  `phone` varchar(11) NOT NULL,
  `send_code` int(6) NOT NULL,
  `timeline` int(10) NOT NULL,
  `validtime` int(10) NOT NULL,
  `status` int(2) NOT NULL DEFAULT '0',
  PRIMARY KEY (`id`)
) ENGINE=MyISAM AUTO_INCREMENT=14 DEFAULT CHARSET=utf8;
/*!40101 SET character_set_client = @saved_cs_client */;

--
-- Dumping data for table `ci_phone_code`
--

LOCK TABLES `ci_phone_code` WRITE;
/*!40000 ALTER TABLE `ci_phone_code` DISABLE KEYS */;
INSERT INTO `ci_phone_code` VALUES (13,'ohteFwqyza0e9Mi4BUDILrbhAXWs','17610900163',287926,1548138302,1548138902,1);
/*!40000 ALTER TABLE `ci_phone_code` ENABLE KEYS */;
UNLOCK TABLES;

--
-- Table structure for table `ci_product`
--

DROP TABLE IF EXISTS `ci_product`;
/*!40101 SET @saved_cs_client     = @@character_set_client */;
/*!40101 SET character_set_client = utf8 */;
CREATE TABLE `ci_product` (
  `id` int(11) NOT NULL AUTO_INCREMENT,
  `cid` int(11) DEFAULT NULL COMMENT '栏目id',
  `sort_id` int(11) DEFAULT '1' COMMENT '排序编号',
  `ccid` int(11) NOT NULL DEFAULT '0' COMMENT '栏目条目ID伪栏目',
  `audit` int(1) DEFAULT '0' COMMENT '0/1审核',
  `flag` int(1) NOT NULL DEFAULT '0' COMMENT '0:1推荐',
  `ctype` int(4) NOT NULL DEFAULT '0' COMMENT '默认分类',
  `title` varchar(255) DEFAULT NULL COMMENT '标题',
  `title_seo` varchar(255) DEFAULT NULL COMMENT '优化标题',
  `intro` varchar(500) DEFAULT NULL COMMENT '简介',
  `tags` varchar(255) DEFAULT NULL COMMENT '标签',
  `content` mediumtext COMMENT '内容',
  `photo` varchar(255) DEFAULT NULL COMMENT '图片',
  `thumb` varchar(255) DEFAULT NULL COMMENT '缩略图',
  `show` tinyint(1) DEFAULT '1' COMMENT '是否显示',
  `click` int(11) DEFAULT '0' COMMENT '点击量',
  `timeline` int(11) DEFAULT NULL COMMENT '发布时间',
  `title1` varchar(255) DEFAULT NULL COMMENT '标题1',
  PRIMARY KEY (`id`)
) ENGINE=MyISAM DEFAULT CHARSET=utf8 COMMENT='产品';
/*!40101 SET character_set_client = @saved_cs_client */;

--
-- Dumping data for table `ci_product`
--

LOCK TABLES `ci_product` WRITE;
/*!40000 ALTER TABLE `ci_product` DISABLE KEYS */;
/*!40000 ALTER TABLE `ci_product` ENABLE KEYS */;
UNLOCK TABLES;

--
-- Table structure for table `ci_product_child`
--

DROP TABLE IF EXISTS `ci_product_child`;
/*!40101 SET @saved_cs_client     = @@character_set_client */;
/*!40101 SET character_set_client = utf8 */;
CREATE TABLE `ci_product_child` (
  `id` int(11) NOT NULL AUTO_INCREMENT,
  `sort_id` int(11) DEFAULT NULL COMMENT '排序编号',
  `type_id` int(11) DEFAULT NULL COMMENT '分类',
  `title` varchar(255) DEFAULT NULL COMMENT '标题',
  `photo` varchar(255) DEFAULT NULL COMMENT '图片',
  `thumb` varchar(255) DEFAULT NULL COMMENT '缩略图',
  `show` int(11) DEFAULT '1' COMMENT '是否显示',
  `timeline` int(11) DEFAULT NULL COMMENT '发布时间',
  PRIMARY KEY (`id`)
) ENGINE=MyISAM DEFAULT CHARSET=utf8;
/*!40101 SET character_set_client = @saved_cs_client */;

--
-- Dumping data for table `ci_product_child`
--

LOCK TABLES `ci_product_child` WRITE;
/*!40000 ALTER TABLE `ci_product_child` DISABLE KEYS */;
/*!40000 ALTER TABLE `ci_product_child` ENABLE KEYS */;
UNLOCK TABLES;

--
-- Table structure for table `ci_product_type`
--

DROP TABLE IF EXISTS `ci_product_type`;
/*!40101 SET @saved_cs_client     = @@character_set_client */;
/*!40101 SET character_set_client = utf8 */;
CREATE TABLE `ci_product_type` (
  `id` int(11) NOT NULL AUTO_INCREMENT,
  `type_id` int(11) DEFAULT '1',
  `parent_id` int(11) DEFAULT NULL,
  `depth` int(11) DEFAULT '0',
  `path` varchar(255) DEFAULT NULL,
  `title` varchar(255) DEFAULT NULL,
  `intro` varchar(1000) DEFAULT NULL,
  `photo` varchar(255) DEFAULT NULL,
  `thumb` varchar(255) DEFAULT NULL,
  `order_id` int(11) DEFAULT '0',
  `timeline` int(11) DEFAULT NULL,
  PRIMARY KEY (`id`),
  KEY `path_index` (`path`)
) ENGINE=MyISAM DEFAULT CHARSET=utf8;
/*!40101 SET character_set_client = @saved_cs_client */;

--
-- Dumping data for table `ci_product_type`
--

LOCK TABLES `ci_product_type` WRITE;
/*!40000 ALTER TABLE `ci_product_type` DISABLE KEYS */;
/*!40000 ALTER TABLE `ci_product_type` ENABLE KEYS */;
UNLOCK TABLES;

--
-- Table structure for table `ci_province`
--

DROP TABLE IF EXISTS `ci_province`;
/*!40101 SET @saved_cs_client     = @@character_set_client */;
/*!40101 SET character_set_client = utf8 */;
CREATE TABLE `ci_province` (
  `id` int(11) NOT NULL AUTO_INCREMENT COMMENT '标识',
  `title` varchar(50) DEFAULT NULL COMMENT '标题',
  `entitle` varchar(50) DEFAULT NULL COMMENT '英文标题',
  PRIMARY KEY (`id`)
) ENGINE=MyISAM AUTO_INCREMENT=36 DEFAULT CHARSET=utf8 COMMENT='省级列表';
/*!40101 SET character_set_client = @saved_cs_client */;

--
-- Dumping data for table `ci_province`
--

LOCK TABLES `ci_province` WRITE;
/*!40000 ALTER TABLE `ci_province` DISABLE KEYS */;
INSERT INTO `ci_province` VALUES (1,'北京市','BeiJing'),(2,'天津市','Tianjin'),(3,'河北省','Hebei'),(4,'山西省','Shanxi'),(5,'辽宁省','Liaoning'),(6,'吉林省','Jilin'),(7,'上海市','Shanghai'),(8,'江苏省','Jiangsu'),(9,'浙江省','Zhejiang'),(10,'安徽省','Anhui'),(11,'福建省','Fujian'),(12,'江西省','Jiangxi'),(13,'山东省','Shandong'),(14,'河南省','Henan'),(15,'内蒙古','Neimenggu'),(16,'黑龙江省','Heilongjiang'),(17,'湖北省','Hubei'),(18,'湖南省','Hunan'),(19,'广东省','Guangdong'),(20,'广西省','Guangxi'),(21,'海南省','Hainan'),(22,'四川省','Sichuan'),(23,'重庆市','Chongqing'),(24,'台湾省','Taiwan'),(25,'贵州省','Guizhou'),(26,'云南省','Yunnan'),(27,'西藏','Xizang'),(28,'陕西省','Shanxi'),(29,'甘肃省','Gansu'),(30,'青海省','Qinghai'),(31,'宁夏','Ningxia'),(32,'新疆','Xinjiang'),(33,'香港','xianggang'),(34,'澳门','aomen'),(35,'钓鱼岛','Diaoyudao');
/*!40000 ALTER TABLE `ci_province` ENABLE KEYS */;
UNLOCK TABLES;

--
-- Table structure for table `ci_province_city`
--

DROP TABLE IF EXISTS `ci_province_city`;
/*!40101 SET @saved_cs_client     = @@character_set_client */;
/*!40101 SET character_set_client = utf8 */;
CREATE TABLE `ci_province_city` (
  `id` int(11) NOT NULL AUTO_INCREMENT,
  `province_id` int(11) NOT NULL DEFAULT '0' COMMENT '省级id',
  `title` varchar(50) DEFAULT NULL COMMENT '标题',
  `entitle` varchar(50) DEFAULT NULL COMMENT '英文标题',
  `weather` varchar(11) DEFAULT NULL COMMENT '国家天气ID',
  PRIMARY KEY (`id`)
) ENGINE=MyISAM AUTO_INCREMENT=384 DEFAULT CHARSET=utf8 COMMENT='城市列表';
/*!40101 SET character_set_client = @saved_cs_client */;

--
-- Dumping data for table `ci_province_city`
--

LOCK TABLES `ci_province_city` WRITE;
/*!40000 ALTER TABLE `ci_province_city` DISABLE KEYS */;
INSERT INTO `ci_province_city` VALUES (1,1,'北京',NULL,'101010100'),(2,2,'天津',NULL,'101030100'),(3,3,'石家庄',NULL,'101090101'),(4,3,'保定',NULL,'101090201'),(5,3,'沧州',NULL,'101090701'),(6,3,'承德',NULL,'101090402'),(7,3,'邯郸',NULL,'101091001'),(8,3,'衡水',NULL,'101090801'),(9,3,'廊坊',NULL,'101090601'),(10,3,'秦皇岛',NULL,'101091101'),(11,3,'唐山',NULL,'101090501'),(12,3,'邢台',NULL,'101090901'),(13,3,'张家口',NULL,'101090301'),(14,4,'太原',NULL,'101100101'),(15,4,'长治',NULL,'101100501'),(16,4,'大同',NULL,'101100201'),(17,4,'晋城',NULL,'101100601'),(18,4,'晋中',NULL,'101100401'),(19,4,'临汾',NULL,'101100701'),(20,4,'吕梁',NULL,'101101101'),(21,4,'朔州',NULL,'101100901'),(22,4,'忻州',NULL,'101101001'),(23,4,'阳泉',NULL,'101100301'),(24,4,'运城',NULL,'101100801'),(25,5,'沈阳',NULL,'101070101'),(26,5,'大连',NULL,'101070201'),(27,5,'鞍山',NULL,'101070301'),(28,5,'本溪',NULL,'101070501'),(29,5,'朝阳',NULL,'101071201'),(30,5,'丹东',NULL,'101070601'),(31,5,'抚顺',NULL,'101070401'),(32,5,'阜新',NULL,'101070901'),(33,5,'葫芦岛',NULL,'101071401'),(34,5,'锦州',NULL,'101070701'),(35,5,'辽阳',NULL,'101071001'),(36,5,'盘锦',NULL,'101071301'),(37,5,'铁岭',NULL,'101071101'),(38,5,'营口',NULL,'101070801'),(39,6,'长春',NULL,'101060101'),(40,6,'吉林',NULL,'101060201'),(41,6,'白城',NULL,'101060601'),(42,6,'白山',NULL,'101060901'),(43,6,'辽源',NULL,'101060701'),(44,6,'四平',NULL,'101060401'),(45,6,'松原',NULL,'101060801'),(46,6,'通化',NULL,'101060501'),(47,6,'延边朝鲜族自治州',NULL,NULL),(48,7,'上海',NULL,'101020100'),(49,8,'南京',NULL,'101190101'),(50,8,'常州',NULL,'101191101'),(51,8,'淮安',NULL,'101190901'),(52,8,'连云港',NULL,'101191001'),(53,8,'南通',NULL,'101190501'),(54,8,'苏州',NULL,'101190401'),(55,8,'宿迁',NULL,'101191301'),(56,8,'泰州',NULL,'101191201'),(57,8,'无锡',NULL,'101190201'),(58,8,'徐州',NULL,'101190801'),(59,8,'盐城',NULL,'101190701'),(60,8,'扬州',NULL,'101190601'),(61,8,'镇江',NULL,'101190301'),(62,9,'杭州',NULL,'101210101'),(63,9,'湖州',NULL,'101210201'),(64,9,'嘉兴',NULL,'101210301'),(65,9,'金华',NULL,'101210901'),(66,9,'丽水',NULL,'101210801'),(67,9,'宁波',NULL,'101210401'),(68,9,'绍兴',NULL,'101210501'),(69,9,'台州',NULL,'101210601'),(70,9,'温州',NULL,'101210701'),(71,9,'舟山',NULL,'101211101'),(72,9,'衢州',NULL,'101211001'),(73,10,'合肥',NULL,'101220101'),(74,10,'安庆',NULL,'101220601'),(75,10,'蚌埠',NULL,'101220201'),(76,10,'巢湖',NULL,'101221601'),(77,10,'池州',NULL,'101221701'),(78,10,'滁州',NULL,'101221101'),(79,10,'阜阳',NULL,'101220801'),(80,10,'淮北',NULL,'101221201'),(81,10,'淮南',NULL,'101220401'),(82,10,'黄山',NULL,NULL),(83,10,'六安',NULL,'101221501'),(84,10,'马鞍山',NULL,'101220501'),(85,10,'宿州',NULL,'101220701'),(86,10,'铜陵',NULL,'101221301'),(87,10,'芜湖',NULL,'101220301'),(88,10,'宣城',NULL,'101221401'),(89,10,'亳州',NULL,NULL),(90,11,'福州',NULL,'101230101'),(91,11,'厦门',NULL,'101230201'),(92,11,'龙岩',NULL,'101230701'),(93,11,'南平',NULL,'101230901'),(94,11,'宁德',NULL,'101230301'),(95,11,'莆田',NULL,'101230401'),(96,11,'泉州',NULL,'101230501'),(97,11,'三明',NULL,'101230801'),(98,11,'漳州',NULL,'101230601'),(99,12,'南昌',NULL,'101240101'),(100,12,'抚州',NULL,'101240401'),(101,12,'赣州',NULL,'101240701'),(102,12,'吉安',NULL,'101240601'),(103,12,'景德镇',NULL,'101240801'),(104,12,'九江',NULL,'101240201'),(105,12,'萍乡',NULL,'101240901'),(106,12,'上饶',NULL,'101240301'),(107,12,'新余',NULL,'101241001'),(108,12,'宜春',NULL,'101240501'),(109,12,'鹰潭',NULL,'101241101'),(110,13,'济南',NULL,'101120101'),(111,13,'青岛',NULL,'101120201'),(112,13,'烟台',NULL,'101120501'),(113,13,'滨州',NULL,'101121101'),(114,13,'德州',NULL,'101120401'),(115,13,'东营',NULL,'101121201'),(116,13,'菏泽',NULL,'101121001'),(117,13,'济宁',NULL,'101120701'),(118,13,'莱芜',NULL,'101121601'),(119,13,'聊城',NULL,'101121701'),(120,13,'临沂',NULL,'101120901'),(121,13,'日照',NULL,'101121501'),(122,13,'泰安',NULL,'101120801'),(123,13,'威海',NULL,'101121301'),(124,13,'潍坊',NULL,'101120601'),(125,13,'枣庄',NULL,'101121401'),(126,13,'淄博',NULL,'101120301'),(127,14,'郑州',NULL,'101180101'),(128,14,'洛阳',NULL,'101180901'),(129,14,'开封',NULL,'101180801'),(130,14,'安阳',NULL,'101180201'),(131,14,'鹤壁',NULL,'101181201'),(132,14,'济源',NULL,NULL),(133,14,'焦作',NULL,'101181101'),(134,14,'南阳',NULL,'101180701'),(135,14,'平顶山',NULL,'101180501'),(136,14,'三门峡',NULL,'101181701'),(137,14,'商丘',NULL,'101181001'),(138,14,'新乡',NULL,'101180301'),(139,14,'信阳',NULL,'101180601'),(140,14,'许昌',NULL,'101180401'),(141,14,'周口',NULL,'101181401'),(142,14,'驻马店',NULL,'101181601'),(143,14,'漯河',NULL,'101181501'),(144,14,'濮阳',NULL,'101181301'),(145,15,'呼和浩特',NULL,'101080101'),(146,15,'包头',NULL,'101080201'),(147,15,'赤峰',NULL,'101080601'),(148,15,'鄂尔多斯',NULL,'101080701'),(149,15,'呼伦贝尔',NULL,'101081001'),(150,15,'阿拉善盟',NULL,NULL),(151,15,'巴彦淖尔盟',NULL,NULL),(152,15,'通辽',NULL,'101080501'),(153,15,'乌海',NULL,'101080301'),(154,15,'乌兰察布盟',NULL,NULL),(155,15,'锡林郭勒盟',NULL,NULL),(156,15,'兴安盟',NULL,NULL),(157,16,'哈尔滨',NULL,'101050101'),(158,16,'大庆',NULL,'101050901'),(159,16,'大兴安岭',NULL,'101050701'),(160,16,'鹤岗',NULL,'101051201'),(161,16,'黑河',NULL,'101050601'),(162,16,'鸡西',NULL,'101051101'),(163,16,'佳木斯',NULL,'101050401'),(164,16,'牡丹江',NULL,'101050301'),(165,16,'七台河',NULL,'101051002'),(166,16,'齐齐哈尔',NULL,'101050201'),(167,16,'双鸭山',NULL,'101051301'),(168,16,'绥化',NULL,'101050501'),(169,16,'伊春',NULL,'101050801'),(170,17,'武汉',NULL,'101200101'),(171,17,'鄂州',NULL,'101200301'),(172,17,'黄冈',NULL,'101200501'),(173,17,'黄石',NULL,'101200601'),(174,17,'荆门',NULL,'101201401'),(175,17,'荆州',NULL,'101200801'),(176,17,'潜江',NULL,NULL),(177,17,'十堰',NULL,'101201101'),(178,17,'随州',NULL,'101201301'),(179,17,'天门',NULL,NULL),(180,17,'仙桃',NULL,NULL),(181,17,'咸宁',NULL,'101200701'),(182,17,'襄樊',NULL,NULL),(183,17,'孝感',NULL,'101200401'),(184,17,'宜昌',NULL,'101200901'),(185,17,'恩施土家族苗族自治州',NULL,NULL),(186,17,'神农架林区',NULL,NULL),(187,18,'长沙',NULL,'101250101'),(188,18,'益阳',NULL,'101250701'),(189,18,'湘潭',NULL,'101250201'),(190,18,'常德',NULL,'101250601'),(191,18,'郴州',NULL,'101250501'),(192,18,'衡阳',NULL,'101250401'),(193,18,'怀化',NULL,'101251201'),(194,18,'娄底',NULL,'101250801'),(195,18,'邵阳',NULL,'101250901'),(196,18,'永州',NULL,'101251401'),(197,18,'岳阳',NULL,'101251001'),(198,18,'张家界',NULL,'101251101'),(199,18,'株洲',NULL,'101250301'),(200,18,'湘西土家族苗族自治州',NULL,NULL),(201,19,'广州',NULL,'101280101'),(202,19,'深圳',NULL,'101280601'),(203,19,'珠海',NULL,'101280701'),(204,19,'湛江',NULL,'101281001'),(205,19,'惠州',NULL,'101280301'),(206,19,'江门',NULL,'101281101'),(207,19,'潮州',NULL,'101281501'),(208,19,'汕头',NULL,'101280501'),(209,19,'东莞',NULL,'101281601'),(210,19,'佛山',NULL,'101280800'),(211,19,'河源',NULL,'101281201'),(212,19,'揭阳',NULL,'101281901'),(213,19,'茂名',NULL,'101282001'),(214,19,'梅州',NULL,'101280401'),(215,19,'清远',NULL,'101281301'),(216,19,'汕尾',NULL,'101282101'),(217,19,'韶关',NULL,'101280201'),(218,19,'阳江',NULL,'101281801'),(219,19,'云浮',NULL,'101281401'),(220,19,'肇庆',NULL,'101280901'),(221,19,'中山',NULL,'101281701'),(222,20,'南宁',NULL,'101300101'),(223,20,'桂林',NULL,'101300501'),(224,20,'北海',NULL,'101301301'),(225,20,'百色',NULL,'101301001'),(226,20,'崇左',NULL,'101300201'),(227,20,'防城港',NULL,'101301401'),(228,20,'贵港',NULL,'101300801'),(229,20,'河池',NULL,'101301201'),(230,20,'贺州',NULL,'101300701'),(231,20,'来宾',NULL,'101300401'),(232,20,'柳州',NULL,'101300301'),(233,20,'钦州',NULL,'101301101'),(234,20,'梧州',NULL,'101300601'),(235,20,'玉林',NULL,'101300901'),(236,21,'海口',NULL,'101310101'),(237,21,'三亚',NULL,'101310201'),(238,21,'白沙黎族自治县',NULL,NULL),(239,21,'保亭黎族苗族自治县',NULL,NULL),(240,21,'昌江黎族自治县',NULL,NULL),(241,21,'澄迈县',NULL,NULL),(242,21,'定安县',NULL,NULL),(243,21,'东方',NULL,NULL),(244,21,'乐东黎族自治县',NULL,NULL),(245,21,'临高县',NULL,NULL),(246,21,'陵水黎族自治县',NULL,NULL),(247,21,'琼海',NULL,NULL),(248,21,'琼中黎族苗族自治县',NULL,NULL),(249,21,'屯昌县',NULL,NULL),(250,21,'万宁',NULL,NULL),(251,21,'文昌',NULL,'101310212'),(252,21,'五指山',NULL,NULL),(253,21,'儋州',NULL,'101310205'),(254,22,'成都',NULL,'101270101'),(255,22,'绵阳',NULL,'101270401'),(256,22,'巴中',NULL,'101270901'),(257,22,'达州',NULL,'101270601'),(258,22,'德阳',NULL,'101272001'),(259,22,'广安',NULL,'101270801'),(260,22,'广元',NULL,'101272101'),(261,22,'乐山',NULL,'101271401'),(262,22,'眉山',NULL,'101271501'),(263,22,'南充',NULL,'101270501'),(264,22,'内江',NULL,'101271201'),(265,22,'攀枝花',NULL,'101270201'),(266,22,'遂宁',NULL,'101270701'),(267,22,'雅安',NULL,'101271701'),(268,22,'宜宾',NULL,'101271101'),(269,22,'资阳',NULL,'101271301'),(270,22,'自贡',NULL,'101270301'),(271,22,'泸州',NULL,'101271001'),(272,22,'甘孜藏族自治州',NULL,NULL),(273,22,'阿坝藏族羌族自治州',NULL,NULL),(274,22,'凉山彝族自治州',NULL,NULL),(275,23,'重庆',NULL,'101040100'),(276,24,'台北',NULL,'101340102'),(277,24,'高雄',NULL,'101340201'),(278,24,'台中',NULL,NULL),(279,24,'台南',NULL,NULL),(280,24,'新北',NULL,NULL),(281,24,'基隆',NULL,NULL),(282,24,'新竹',NULL,NULL),(283,24,'嘉义',NULL,NULL),(284,24,'桃园县',NULL,NULL),(285,24,'新竹县',NULL,NULL),(286,24,'苗栗县',NULL,NULL),(287,24,'彰化县',NULL,NULL),(288,24,'南投县',NULL,NULL),(289,24,'云林县',NULL,NULL),(290,24,'嘉义县',NULL,NULL),(291,24,'屏东县',NULL,NULL),(292,24,'宜兰县',NULL,NULL),(293,24,'花莲县',NULL,NULL),(294,24,'台东县',NULL,NULL),(295,24,'澎湖县',NULL,NULL),(296,24,'金门县',NULL,NULL),(297,24,'连江县',NULL,NULL),(298,25,'贵阳',NULL,'101260101'),(299,25,'六盘水',NULL,'101260801'),(300,25,'遵义',NULL,'101260201'),(301,25,'安顺',NULL,'101260301'),(302,25,'毕节',NULL,'101260701'),(303,25,'铜仁',NULL,'101260601'),(304,25,'黔东南苗族侗族自治州',NULL,NULL),(305,25,'黔南布依族苗族自治州',NULL,NULL),(306,25,'黔西南布依族苗族自治州',NULL,NULL),(307,26,'昆明',NULL,'101290101'),(308,26,'丽江',NULL,'101291401'),(309,26,'保山',NULL,'101290501'),(310,26,'楚雄彝族自治州',NULL,NULL),(311,26,'大理白族自治州',NULL,NULL),(312,26,'德宏傣族景颇族自治州',NULL,NULL),(313,26,'迪庆藏族自治州',NULL,NULL),(314,26,'红河哈尼族彝族自治州',NULL,NULL),(315,26,'临沧',NULL,'101291101'),(316,26,'怒江傈傈族自治州',NULL,NULL),(317,26,'曲靖',NULL,'101290401'),(318,26,'思茅',NULL,'101290901'),(319,26,'文山壮族苗族自治州',NULL,NULL),(320,26,'西双版纳傣族自治州',NULL,NULL),(321,26,'玉溪',NULL,'101290701'),(322,26,'昭通',NULL,'101291001'),(323,27,'拉萨',NULL,'101140101'),(324,27,'日喀则',NULL,'101140201'),(325,27,'阿里',NULL,'101140701'),(326,27,'昌都',NULL,'101140501'),(327,27,'林芝',NULL,'101140401'),(328,27,'那曲',NULL,'101140601'),(329,27,'山南',NULL,'101140301'),(330,28,'西安',NULL,'101110101'),(331,28,'宝鸡',NULL,'101110901'),(332,28,'咸阳',NULL,'101110200'),(333,28,'延安',NULL,'101110300'),(334,28,'榆林',NULL,'101110401'),(335,28,'安康',NULL,'101110701'),(336,28,'汉中',NULL,'101110801'),(337,28,'商洛',NULL,'101110601'),(338,28,'铜川',NULL,'101111001'),(339,28,'渭南',NULL,'101110501'),(340,29,'兰州',NULL,'101160101'),(341,29,'白银',NULL,'101161301'),(342,29,'定西',NULL,'101160201'),(343,29,'嘉峪关',NULL,NULL),(344,29,'金昌',NULL,'101160601'),(345,29,'酒泉',NULL,'101160801'),(346,29,'陇南',NULL,NULL),(347,29,'平凉',NULL,'101160301'),(348,29,'庆阳',NULL,'101160401'),(349,29,'天水',NULL,'101160901'),(350,29,'武威',NULL,'101160501'),(351,29,'张掖',NULL,'101160701'),(352,29,'临夏回族自治州',NULL,NULL),(353,29,'甘南藏族自治州',NULL,NULL),(354,30,'西宁',NULL,'101150101'),(355,30,'果洛藏族自治州',NULL,NULL),(356,30,'海北藏族自治州',NULL,NULL),(357,30,'海东',NULL,'101150201'),(358,30,'海南藏族自治州',NULL,NULL),(359,30,'海西蒙古族藏族自治州',NULL,NULL),(360,30,'黄南藏族自治州',NULL,NULL),(361,30,'玉树藏族自治州',NULL,NULL),(362,31,'银川',NULL,'101170101'),(363,31,'固原',NULL,'101170401'),(364,31,'石嘴山',NULL,'101170201'),(365,31,'吴忠',NULL,'101170301'),(366,32,'乌鲁木齐',NULL,'101130101'),(367,32,'吐鲁番',NULL,'101130501'),(368,32,'阿克苏',NULL,'101130801'),(369,32,'阿拉尔',NULL,NULL),(370,32,'巴音郭楞蒙古自治州',NULL,NULL),(371,32,'博尔塔拉蒙古自治州',NULL,NULL),(372,32,'昌吉回族自治州',NULL,NULL),(373,32,'哈密',NULL,'101131201'),(374,32,'和田',NULL,'101131301'),(375,32,'喀什',NULL,'101130901'),(376,32,'克拉玛依',NULL,'101130201'),(377,32,'克孜勒苏柯尔克孜自治州',NULL,NULL),(378,32,'石河子',NULL,'101130301'),(379,32,'图木舒克',NULL,NULL),(380,32,'五家渠',NULL,NULL),(381,32,'伊犁哈萨克自治州',NULL,NULL),(382,33,'香港',NULL,'101320101'),(383,34,'澳门',NULL,'101330101');
/*!40000 ALTER TABLE `ci_province_city` ENABLE KEYS */;
UNLOCK TABLES;

--
-- Table structure for table `ci_recruit`
--

DROP TABLE IF EXISTS `ci_recruit`;
/*!40101 SET @saved_cs_client     = @@character_set_client */;
/*!40101 SET character_set_client = utf8 */;
CREATE TABLE `ci_recruit` (
  `id` int(11) NOT NULL AUTO_INCREMENT COMMENT '唯一编号',
  `sort_id` int(11) DEFAULT '1' COMMENT '排序编号',
  `cid` int(11) DEFAULT NULL COMMENT '类型',
  `ccid` int(11) DEFAULT '0',
  `title` varchar(250) NOT NULL COMMENT '标题',
  `title_seo` tinytext,
  `intro` tinytext COMMENT '简介',
  `tags` tinytext,
  `content` mediumtext COMMENT '内容',
  `timeline` int(11) DEFAULT NULL COMMENT '发布/修改时间',
  `expiretime` int(11) DEFAULT NULL COMMENT '公告过期时间',
  `click` int(11) DEFAULT '0' COMMENT '浏览次数',
  `status` tinyint(1) NOT NULL DEFAULT '1' COMMENT '显隐状态',
  `flag` tinyint(1) NOT NULL DEFAULT '0' COMMENT '推荐到分类门户的页面显示',
  `audit` tinyint(1) NOT NULL DEFAULT '0' COMMENT '突显状态/颜色',
  `show` tinyint(1) NOT NULL DEFAULT '1',
  `photo` varchar(255) DEFAULT NULL COMMENT '相关图片',
  `thumb` varchar(255) DEFAULT NULL COMMENT '图片缩略图',
  `attachment` varchar(255) DEFAULT NULL COMMENT '相关文件',
  `country` varchar(50) DEFAULT NULL,
  `province` varchar(50) DEFAULT NULL,
  `city` varchar(50) DEFAULT NULL,
  `county` varchar(50) DEFAULT NULL,
  `place` varchar(255) DEFAULT NULL,
  `require` varchar(50) DEFAULT NULL COMMENT '职称要求',
  `amount` int(11) DEFAULT NULL,
  `department` varchar(50) DEFAULT NULL,
  `gender` tinyint(1) NOT NULL DEFAULT '0',
  `age` smallint(6) DEFAULT NULL,
  `age_max` smallint(6) DEFAULT NULL,
  `edu` varchar(50) DEFAULT NULL,
  `major` varchar(50) DEFAULT NULL,
  `experience` varchar(50) DEFAULT NULL,
  `requirement` text,
  `telphone` varchar(20) DEFAULT NULL,
  `person` varchar(20) DEFAULT NULL,
  `email` varchar(50) DEFAULT NULL,
  PRIMARY KEY (`id`)
) ENGINE=MyISAM DEFAULT CHARSET=utf8 COMMENT='人才招聘';
/*!40101 SET character_set_client = @saved_cs_client */;

--
-- Dumping data for table `ci_recruit`
--

LOCK TABLES `ci_recruit` WRITE;
/*!40000 ALTER TABLE `ci_recruit` DISABLE KEYS */;
/*!40000 ALTER TABLE `ci_recruit` ENABLE KEYS */;
UNLOCK TABLES;

--
-- Table structure for table `ci_recruit_apply`
--

DROP TABLE IF EXISTS `ci_recruit_apply`;
/*!40101 SET @saved_cs_client     = @@character_set_client */;
/*!40101 SET character_set_client = utf8 */;
CREATE TABLE `ci_recruit_apply` (
  `id` int(11) NOT NULL AUTO_INCREMENT COMMENT '唯一编号',
  `sort_id` int(11) DEFAULT '1' COMMENT '排序编号',
  `type_id` int(11) DEFAULT NULL COMMENT '类型',
  `rid` int(10) DEFAULT '0',
  `recruit_id` int(11) DEFAULT '0',
  `title` varchar(255) DEFAULT NULL COMMENT '应聘标题',
  `intro` varchar(1000) DEFAULT NULL COMMENT '简介',
  `content` mediumtext COMMENT '内容',
  `answer` mediumtext,
  `timeline_answer` int(11) DEFAULT NULL,
  `timeline` int(11) DEFAULT NULL COMMENT '发布/修改时间',
  `expire` int(11) DEFAULT NULL COMMENT '公告过期时间',
  `solve` int(1) DEFAULT '0',
  `click` int(11) DEFAULT '0' COMMENT '浏览次数',
  `show` tinyint(4) DEFAULT '1' COMMENT '显隐状态',
  `recommend` tinyint(4) DEFAULT '0' COMMENT '推荐到分类门户的页面显示',
  `audit` tinyint(1) DEFAULT '0' COMMENT '审核状态',
  `photo` varchar(255) DEFAULT NULL COMMENT '相关图片',
  `thumb` varchar(255) DEFAULT NULL COMMENT '图片缩略图',
  `files` varchar(255) DEFAULT NULL COMMENT '相关文件',
  `ip` varchar(100) DEFAULT NULL,
  `ex1` varchar(255) DEFAULT '' COMMENT '其他标签（预留）',
  `ex2` varchar(255) DEFAULT '',
  `ex3` varchar(255) DEFAULT '',
  `ex4` varchar(255) DEFAULT '',
  `x` varchar(255) DEFAULT '',
  `y` varchar(255) DEFAULT NULL,
  `country` varchar(50) DEFAULT NULL,
  `province` varchar(50) DEFAULT NULL,
  `city` varchar(50) DEFAULT NULL,
  `county` varchar(50) DEFAULT NULL,
  `place` varchar(255) DEFAULT NULL,
  `department` varchar(50) DEFAULT NULL COMMENT '部门',
  `name` varchar(50) DEFAULT NULL,
  `gender` varchar(10) DEFAULT NULL,
  `marriage` varchar(50) DEFAULT NULL,
  `email` varchar(100) DEFAULT NULL,
  `tel` varchar(100) DEFAULT NULL,
  `mobile` varchar(100) DEFAULT NULL,
  `qq` varchar(100) DEFAULT NULL,
  `msn` varchar(100) DEFAULT NULL,
  `wangwang` varchar(100) DEFAULT NULL,
  `nation` varchar(50) DEFAULT NULL COMMENT '民族',
  `birthday` varchar(20) DEFAULT NULL,
  `politic` varchar(50) DEFAULT NULL COMMENT '政治面貌',
  `birthplace` varchar(50) DEFAULT NULL COMMENT '籍贯',
  `school` varchar(100) DEFAULT NULL,
  `major` varchar(50) DEFAULT NULL COMMENT '专业',
  `graduation` varchar(20) DEFAULT NULL COMMENT '毕业时间',
  `language` varchar(50) DEFAULT NULL COMMENT '外语水平',
  `position` varchar(100) DEFAULT NULL COMMENT '应聘职位',
  `age` smallint(6) DEFAULT NULL,
  `edu` varchar(50) DEFAULT NULL,
  `experience` varchar(50) DEFAULT NULL,
  PRIMARY KEY (`id`)
) ENGINE=MyISAM DEFAULT CHARSET=utf8 COMMENT='在线应聘';
/*!40101 SET character_set_client = @saved_cs_client */;

--
-- Dumping data for table `ci_recruit_apply`
--

LOCK TABLES `ci_recruit_apply` WRITE;
/*!40000 ALTER TABLE `ci_recruit_apply` DISABLE KEYS */;
/*!40000 ALTER TABLE `ci_recruit_apply` ENABLE KEYS */;
UNLOCK TABLES;

--
-- Table structure for table `ci_sessions_adminer`
--

DROP TABLE IF EXISTS `ci_sessions_adminer`;
/*!40101 SET @saved_cs_client     = @@character_set_client */;
/*!40101 SET character_set_client = utf8 */;
CREATE TABLE `ci_sessions_adminer` (
  `session_id` varchar(40) NOT NULL DEFAULT '0',
  `ip_address` varchar(45) NOT NULL DEFAULT '0',
  `user_agent` varchar(120) NOT NULL,
  `last_activity` int(10) unsigned NOT NULL DEFAULT '0',
  `user_data` text NOT NULL,
  PRIMARY KEY (`session_id`),
  KEY `last_activity_idx` (`last_activity`)
) ENGINE=MyISAM DEFAULT CHARSET=utf8 COMMENT='会话保存';
/*!40101 SET character_set_client = @saved_cs_client */;

--
-- Dumping data for table `ci_sessions_adminer`
--

LOCK TABLES `ci_sessions_adminer` WRITE;
/*!40000 ALTER TABLE `ci_sessions_adminer` DISABLE KEYS */;
INSERT INTO `ci_sessions_adminer` VALUES ('7624be8e54d4fae311b735dd971a2d9a','121.69.98.234','Mozilla/5.0 (Windows NT 10.0; WOW64; rv:64.0) Gecko/20100101 Firefox/64.0',1548136848,'a:6:{s:9:\"user_data\";s:0:\"\";s:3:\"mid\";s:1:\"1\";s:5:\"uname\";s:8:\"bocadmin\";s:8:\"nickname\";s:12:\"超级用户\";s:8:\"login_ip\";s:13:\"121.69.98.234\";s:3:\"gid\";s:1:\"1\";}');
/*!40000 ALTER TABLE `ci_sessions_adminer` ENABLE KEYS */;
UNLOCK TABLES;

--
-- Table structure for table `ci_sessions_site`
--

DROP TABLE IF EXISTS `ci_sessions_site`;
/*!40101 SET @saved_cs_client     = @@character_set_client */;
/*!40101 SET character_set_client = utf8 */;
CREATE TABLE `ci_sessions_site` (
  `session_id` varchar(40) NOT NULL DEFAULT '0',
  `ip_address` varchar(45) NOT NULL DEFAULT '0',
  `user_agent` varchar(120) NOT NULL,
  `last_activity` int(10) unsigned NOT NULL DEFAULT '0',
  `user_data` text NOT NULL,
  PRIMARY KEY (`session_id`),
  KEY `last_activity_idx` (`last_activity`)
) ENGINE=MyISAM DEFAULT CHARSET=utf8 COMMENT='会话保存';
/*!40101 SET character_set_client = @saved_cs_client */;

--
-- Dumping data for table `ci_sessions_site`
--

LOCK TABLES `ci_sessions_site` WRITE;
/*!40000 ALTER TABLE `ci_sessions_site` DISABLE KEYS */;
/*!40000 ALTER TABLE `ci_sessions_site` ENABLE KEYS */;
UNLOCK TABLES;

--
-- Table structure for table `ci_tags`
--

DROP TABLE IF EXISTS `ci_tags`;
/*!40101 SET @saved_cs_client     = @@character_set_client */;
/*!40101 SET character_set_client = utf8 */;
CREATE TABLE `ci_tags` (
  `id` int(11) NOT NULL AUTO_INCREMENT,
  `tag` varchar(30) NOT NULL COMMENT '标签',
  `en` varchar(60) DEFAULT NULL COMMENT '拼音|英语',
  `len` int(3) DEFAULT '0' COMMENT '长度',
  `count` int(11) DEFAULT '0' COMMENT '计数',
  `type` int(1) DEFAULT '0' COMMENT '分类,0:tags,1:title,2:intro,3:content',
  PRIMARY KEY (`id`),
  KEY `record_index` (`id`,`tag`)
) ENGINE=MyISAM DEFAULT CHARSET=utf8 COMMENT='标签表';
/*!40101 SET character_set_client = @saved_cs_client */;

--
-- Dumping data for table `ci_tags`
--

LOCK TABLES `ci_tags` WRITE;
/*!40000 ALTER TABLE `ci_tags` DISABLE KEYS */;
/*!40000 ALTER TABLE `ci_tags` ENABLE KEYS */;
UNLOCK TABLES;

--
-- Table structure for table `ci_tags_list`
--

DROP TABLE IF EXISTS `ci_tags_list`;
/*!40101 SET @saved_cs_client     = @@character_set_client */;
/*!40101 SET character_set_client = utf8 */;
CREATE TABLE `ci_tags_list` (
  `tid` int(11) NOT NULL DEFAULT '0' COMMENT 'tag id',
  `cid` int(11) NOT NULL DEFAULT '0' COMMENT 'col id',
  `aid` int(11) NOT NULL DEFAULT '0' COMMENT 'col''s aritcle id',
  `type` int(1) NOT NULL DEFAULT '0' COMMENT '分类,0:tags,1:title,2:intro,3:content',
  `timeline` int(11) NOT NULL COMMENT '时间'
) ENGINE=MyISAM DEFAULT CHARSET=utf8 COMMENT='标签使用表';
/*!40101 SET character_set_client = @saved_cs_client */;

--
-- Dumping data for table `ci_tags_list`
--

LOCK TABLES `ci_tags_list` WRITE;
/*!40000 ALTER TABLE `ci_tags_list` DISABLE KEYS */;
/*!40000 ALTER TABLE `ci_tags_list` ENABLE KEYS */;
UNLOCK TABLES;

--
-- Table structure for table `ci_upload`
--

DROP TABLE IF EXISTS `ci_upload`;
/*!40101 SET @saved_cs_client     = @@character_set_client */;
/*!40101 SET character_set_client = utf8 */;
CREATE TABLE `ci_upload` (
  `id` int(11) NOT NULL AUTO_INCREMENT,
  `name` varchar(255) DEFAULT NULL COMMENT '文件名',
  `size` int(11) DEFAULT NULL COMMENT '大小',
  `type` varchar(255) DEFAULT NULL COMMENT '类型',
  `url` varchar(100) DEFAULT NULL COMMENT '地址',
  `thumb` varchar(100) DEFAULT NULL COMMENT '缩略图',
  `deleteUrl` varchar(150) DEFAULT NULL COMMENT '删除',
  `alt` varbinary(30) DEFAULT NULL COMMENT '提示',
  `title` varbinary(100) DEFAULT NULL COMMENT '标题',
  `text` tinytext COMMENT '简介内容',
  `timeline` int(11) DEFAULT NULL COMMENT '时间线',
  `origin_name` varchar(50) DEFAULT NULL,
  PRIMARY KEY (`id`)
) ENGINE=MyISAM AUTO_INCREMENT=7 DEFAULT CHARSET=utf8 COMMENT='文件上传';
/*!40101 SET character_set_client = @saved_cs_client */;

--
-- Dumping data for table `ci_upload`
--

LOCK TABLES `ci_upload` WRITE;
/*!40000 ALTER TABLE `ci_upload` DISABLE KEYS */;
INSERT INTO `ci_upload` VALUES (1,'15476283568556ajnup.jpg',229484,'image/jpeg','2019/01/16/15476283568556ajnup.jpg','2019/01/16/thumbnail/15476283568556ajnup.jpg','?file=15476283568556ajnup.jpg&dt=2019/01/16',NULL,NULL,NULL,1547628357,'bx_banner2.jpg'),(2,'15476283996248msvpl.jpg',229484,'image/jpeg','2019/01/16/15476283996248msvpl.jpg','2019/01/16/thumbnail/15476283996248msvpl.jpg','?file=15476283996248msvpl.jpg&dt=2019/01/16',NULL,NULL,NULL,1547628399,'bx_banner2.jpg'),(3,'15476285691515ij151.jpg',229484,'image/jpeg','2019/01/16/15476285691515ij151.jpg','2019/01/16/thumbnail/15476285691515ij151.jpg','?file=15476285691515ij151.jpg&dt=2019/01/16',NULL,NULL,NULL,1547628569,'bx_banner2.jpg'),(6,'15477141403874acrif.jpg',75203,'image/jpeg','2019/01/17/15477141403874acrif.jpg','2019/01/17/thumbnail/15477141403874acrif.jpg','?file=15477141403874acrif.jpg&dt=2019/01/17',NULL,NULL,NULL,1547714140,'letter_bg3.jpg');
/*!40000 ALTER TABLE `ci_upload` ENABLE KEYS */;
UNLOCK TABLES;

--
-- Table structure for table `ci_users`
--

DROP TABLE IF EXISTS `ci_users`;
/*!40101 SET @saved_cs_client     = @@character_set_client */;
/*!40101 SET character_set_client = utf8 */;
CREATE TABLE `ci_users` (
  `id` int(11) NOT NULL AUTO_INCREMENT COMMENT '唯一编号',
  `cid` int(11) DEFAULT '0' COMMENT '所属栏目',
  `ccid` int(11) NOT NULL DEFAULT '0' COMMENT '栏目条目ID伪栏目',
  `sort_id` int(11) DEFAULT '0' COMMENT '排序编号',
  `audit` int(1) NOT NULL DEFAULT '0' COMMENT '0:1审核',
  `flag` int(1) NOT NULL DEFAULT '0' COMMENT '0:1推荐',
  `ctype` int(4) NOT NULL DEFAULT '0' COMMENT '默认分类',
  `type_id` int(4) DEFAULT NULL COMMENT '类型',
  `title` tinytext COMMENT '标题',
  `link` text COMMENT '外链',
  `title_seo` tinytext,
  `intro` varchar(500) DEFAULT NULL COMMENT '简介(200汉字)',
  `tags` tinytext COMMENT '标签',
  `content` text COMMENT '内容',
  `timeline` int(11) DEFAULT NULL COMMENT '发布/修改时间',
  `click` int(11) NOT NULL DEFAULT '0' COMMENT '登录次数',
  `photo` varchar(10) DEFAULT NULL COMMENT '图片',
  `thumb` varchar(50) DEFAULT NULL COMMENT '图片缩略图',
  `username` varchar(20) DEFAULT NULL COMMENT '用户名',
  `nickname` varchar(20) DEFAULT NULL COMMENT '昵称',
  `password` varchar(50) DEFAULT NULL COMMENT '密码',
  `email` varchar(50) DEFAULT NULL COMMENT '邮箱',
  PRIMARY KEY (`id`)
) ENGINE=MyISAM DEFAULT CHARSET=utf8 COMMENT='会员中心';
/*!40101 SET character_set_client = @saved_cs_client */;

--
-- Dumping data for table `ci_users`
--

LOCK TABLES `ci_users` WRITE;
/*!40000 ALTER TABLE `ci_users` DISABLE KEYS */;
/*!40000 ALTER TABLE `ci_users` ENABLE KEYS */;
UNLOCK TABLES;

--
-- Table structure for table `ci_videos`
--

DROP TABLE IF EXISTS `ci_videos`;
/*!40101 SET @saved_cs_client     = @@character_set_client */;
/*!40101 SET character_set_client = utf8 */;
CREATE TABLE `ci_videos` (
  `id` int(11) NOT NULL AUTO_INCREMENT COMMENT '唯一编号',
  `cid` int(11) NOT NULL COMMENT '所属栏目',
  `ccid` int(11) NOT NULL DEFAULT '0' COMMENT '栏目条目ID伪栏目',
  `sort_id` int(11) DEFAULT '0' COMMENT '排序编号',
  `audit` int(1) NOT NULL DEFAULT '0' COMMENT '0:1审核',
  `flag` int(1) NOT NULL DEFAULT '0' COMMENT '0:1推荐',
  `ctype` int(4) NOT NULL DEFAULT '0' COMMENT '默认分类',
  `type_id` int(4) DEFAULT NULL COMMENT '类型',
  `entitle` varchar(50) DEFAULT NULL,
  `title` varchar(250) NOT NULL COMMENT '标题',
  `title_seo` varchar(250) DEFAULT NULL,
  `intro` varchar(250) DEFAULT NULL COMMENT '简介(200汉字)',
  `tags` tinytext COMMENT '标签',
  `videourl` text,
  `content` text COMMENT '内容',
  `timeline` int(11) DEFAULT NULL COMMENT '发布/修改时间',
  `expiretime` int(10) DEFAULT NULL COMMENT '公告过期时间',
  `status` int(1) NOT NULL DEFAULT '0' COMMENT '0:1状态,1 发布，0 草稿',
  `author` varchar(50) DEFAULT NULL COMMENT '消息作者',
  `source` varchar(50) DEFAULT NULL COMMENT '消息来源',
  `click` int(11) NOT NULL DEFAULT '0' COMMENT '浏览次数',
  `color` int(1) NOT NULL DEFAULT '0' COMMENT '突显状态/颜色',
  `photo` varchar(200) DEFAULT NULL COMMENT '相关图片',
  `thumb` varchar(200) DEFAULT NULL COMMENT '图片缩略图',
  `files` tinytext COMMENT '附件',
  PRIMARY KEY (`id`)
) ENGINE=MyISAM DEFAULT CHARSET=utf8 COMMENT='视频';
/*!40101 SET character_set_client = @saved_cs_client */;

--
-- Dumping data for table `ci_videos`
--

LOCK TABLES `ci_videos` WRITE;
/*!40000 ALTER TABLE `ci_videos` DISABLE KEYS */;
/*!40000 ALTER TABLE `ci_videos` ENABLE KEYS */;
UNLOCK TABLES;

--
-- Table structure for table `ci_webmodels`
--

DROP TABLE IF EXISTS `ci_webmodels`;
/*!40101 SET @saved_cs_client     = @@character_set_client */;
/*!40101 SET character_set_client = utf8 */;
CREATE TABLE `ci_webmodels` (
  `id` int(11) NOT NULL AUTO_INCREMENT COMMENT '唯一编号',
  `cid` int(11) NOT NULL DEFAULT '0' COMMENT '所属栏目',
  `ccid` int(11) NOT NULL DEFAULT '0' COMMENT '栏目条目ID伪栏目',
  `mid` int(10) DEFAULT '1' COMMENT '1:新闻模块',
  `sort_id` int(11) DEFAULT '0' COMMENT '排序编号',
  `audit` int(1) NOT NULL DEFAULT '0' COMMENT '0:1审核',
  `flag` int(1) NOT NULL DEFAULT '0' COMMENT '0:1推荐',
  `ctype` int(4) NOT NULL DEFAULT '0' COMMENT '默认分类',
  `type_id` int(4) DEFAULT NULL COMMENT '类型',
  `title` tinytext COMMENT '标题',
  `link` text COMMENT '外链',
  `title_seo` tinytext,
  `intro` varchar(500) DEFAULT NULL COMMENT '简介(200汉字)',
  `tags` tinytext COMMENT '标签',
  `content` text COMMENT '内容',
  `timeline` int(11) DEFAULT NULL COMMENT '发布/修改时间',
  `photo` varchar(200) DEFAULT NULL COMMENT '图片',
  `thumb` varchar(200) DEFAULT NULL COMMENT '图片缩略图',
  PRIMARY KEY (`id`)
) ENGINE=MyISAM AUTO_INCREMENT=22 DEFAULT CHARSET=utf8 COMMENT='新闻模块';
/*!40101 SET character_set_client = @saved_cs_client */;

--
-- Dumping data for table `ci_webmodels`
--

LOCK TABLES `ci_webmodels` WRITE;
/*!40000 ALTER TABLE `ci_webmodels` DISABLE KEYS */;
INSERT INTO `ci_webmodels` VALUES (21,0,0,2,2,0,0,0,3,NULL,NULL,NULL,NULL,NULL,NULL,1492415649,NULL,NULL),(20,0,0,1,1,0,0,0,7,NULL,NULL,NULL,NULL,NULL,NULL,1489116841,NULL,'');
/*!40000 ALTER TABLE `ci_webmodels` ENABLE KEYS */;
UNLOCK TABLES;

--
-- Table structure for table `ci_wxaccess_token`
--

DROP TABLE IF EXISTS `ci_wxaccess_token`;
/*!40101 SET @saved_cs_client     = @@character_set_client */;
/*!40101 SET character_set_client = utf8 */;
CREATE TABLE `ci_wxaccess_token` (
  `id` int(11) NOT NULL AUTO_INCREMENT COMMENT 'id 编号',
  `access_token` varchar(200) NOT NULL COMMENT 'access_token',
  `refresh_token` varchar(200) NOT NULL COMMENT '用户刷新access_token',
  `timeline` int(10) NOT NULL COMMENT '获取时间',
  `validtime` int(10) NOT NULL COMMENT '有效时间',
  PRIMARY KEY (`id`)
) ENGINE=MyISAM AUTO_INCREMENT=5 DEFAULT CHARSET=utf8;
/*!40101 SET character_set_client = @saved_cs_client */;

--
-- Dumping data for table `ci_wxaccess_token`
--

LOCK TABLES `ci_wxaccess_token` WRITE;
/*!40000 ALTER TABLE `ci_wxaccess_token` DISABLE KEYS */;
INSERT INTO `ci_wxaccess_token` VALUES (1,'17_MwHYcuLvt5nFqQS0vQQmDe02O-sn5oE6DeKaFmRoJ5o4DmwWR8OCossuAmCPBQIPi4-vapQpUWJuu2rMLgex47AxWqnfTRRy-fMwEdkOICS3PKgYJdCCxclq80_HzWC-nhGKeGLKvz2ythugTTRaAJAEEC','',1547896876,1547869876),(2,'17_MwHYcuLvt5nFqQS0vQQmDe02O-sn5oE6DeKaFmRoJ5o4DmwWR8OCossuAmCPBQIPi4-vapQpUWJuu2rMLgex47AxWqnfTRRy-fMwEdkOICS3PKgYJdCCxclq80_HzWC-nhGKeGLKvz2ythugTTRaAJAEEC','',1547899249,1547906449),(3,'17_MwHYcuLvt5nFqQS0vQQmDe02O-sn5oE6DeKaFmRoJ5o4DmwWR8OCossuAmCPBQIPi4-vapQpUWJuu2rMLgex47AxWqnfTRRy-fMwEdkOICS3PKgYJdCCxclq80_HzWC-nhGKeGLKvz2ythugTTRaAJAEEC','',1547989100,1547990300),(4,'17_sRGM_h0U2euCEpAr5CMGvCp5b_CYYVsHyqPxI4viGs52NMXPWeyCYPktZ58fIaA1oulIuycsTzkJJ7eXrDOaOtYGU1Hv7QjtQMDnUv2-VyAYajG89FbV_JptnCV5DJ4fI14sy6HBcaDp3pObJOOcAAADII','',1547989331,1547996531);
/*!40000 ALTER TABLE `ci_wxaccess_token` ENABLE KEYS */;
UNLOCK TABLES;

--
-- Table structure for table `ci_wxuserinfo`
--

DROP TABLE IF EXISTS `ci_wxuserinfo`;
/*!40101 SET @saved_cs_client     = @@character_set_client */;
/*!40101 SET character_set_client = utf8 */;
CREATE TABLE `ci_wxuserinfo` (
  `id` int(16) NOT NULL AUTO_INCREMENT,
  `username` varchar(100) NOT NULL,
  `phone` int(11) NOT NULL,
  `message` text NOT NULL,
  `love_heart` int(10) NOT NULL,
  `cards` varchar(32) NOT NULL,
  `share` int(10) NOT NULL,
  `share_time` int(10) NOT NULL,
  `give_heart` varchar(100) NOT NULL,
  `openid` varchar(50) NOT NULL,
  `nickname` varchar(200) NOT NULL,
  `sex` varchar(10) NOT NULL,
  `city` varchar(100) NOT NULL,
  `province` varchar(100) NOT NULL,
  `country` varchar(100) NOT NULL,
  `headimgurl` text NOT NULL,
  `timeline` int(10) NOT NULL,
  `message_time` int(10) NOT NULL,
  PRIMARY KEY (`id`)
) ENGINE=MyISAM AUTO_INCREMENT=3 DEFAULT CHARSET=utf8;
/*!40101 SET character_set_client = @saved_cs_client */;

--
-- Dumping data for table `ci_wxuserinfo`
--

LOCK TABLES `ci_wxuserinfo` WRITE;
/*!40000 ALTER TABLE `ci_wxuserinfo` DISABLE KEYS */;
INSERT INTO `ci_wxuserinfo` VALUES (1,'GOOD LUCK',2147483647,'第一次看到验孕试纸2道杠，第一次听到宝宝咚咚的心跳第一次看到验孕试纸2道杠，第一次听到宝宝咚咚的心跳第一次看到验孕试纸2道杠，第一次听到宝宝咚咚的心跳',0,'',0,0,'','ohteFwqyza0e9Mi4BUDILrbhAXWs','GOOD LUCK','1','太原','山西','中国','http://thirdwx.qlogo.cn/mmopen/vi_32/dRDJwpgrfOGHKiaJ2ALNONux7AvxLyPIFFUF6uyL99taPL6ogsIEr8EaqsJicBws5y6CYQM252lOeHEOWzuRJO0w/132',1547997634,1548149269),(2,'',0,'',0,'',0,0,'','ohteFwpbTxekhWvEe1zXJI02Zygo','何澤小生','0','','','','http://thirdwx.qlogo.cn/mmopen/vi_32/FmPp7GdSQibYgeABiaoiaVR0Hxtbq953VPefia8ZbE65r5eLsmmtTOYlC1odiamzQsNjs1GYV7rdibpqshMXgbP7nz4Q/132',1547998250,0);
/*!40000 ALTER TABLE `ci_wxuserinfo` ENABLE KEYS */;
UNLOCK TABLES;
/*!40103 SET TIME_ZONE=@OLD_TIME_ZONE */;

/*!40101 SET SQL_MODE=@OLD_SQL_MODE */;
/*!40014 SET FOREIGN_KEY_CHECKS=@OLD_FOREIGN_KEY_CHECKS */;
/*!40014 SET UNIQUE_CHECKS=@OLD_UNIQUE_CHECKS */;
/*!40101 SET CHARACTER_SET_CLIENT=@OLD_CHARACTER_SET_CLIENT */;
/*!40101 SET CHARACTER_SET_RESULTS=@OLD_CHARACTER_SET_RESULTS */;
/*!40101 SET COLLATION_CONNECTION=@OLD_COLLATION_CONNECTION */;
/*!40111 SET SQL_NOTES=@OLD_SQL_NOTES */;

-- Dump completed on 2019-01-22 17:30:57
